Address,Barbarian,Druid,Paladin,Ranger,Wizard
0x9E7A5b836Da4d55D681Eed4495370e96295c785f,1,,,,1
0xc886dB8b8CD260f5ee38Ba3d8f8E9324EE27EA33,1,1,1,1,1
0xfdF69DA79ae71552F8d876971C9bD731cf45C065,1,1,1,1,2
0x1931d6E43D9bD38d628a1c8E3aB8F38f33714D33,1,1,2,2,2
0xEb33ca12754cE30ADC16a56a99d6713d1B1bf4b0,1,,,,1
0x40b5A7aD1f4476De4c40635cB453f0e5A09D337b,1,,,1,
0xdf7280652f75f434358F87308bF57874af45E60f,1,,1,,
0x1bd8a05042490148d06aAA887E04E84be374d74f,1,,,1,
0x85C9E9C4939881e64d4eE263A4feF55b3963E1A2,1,1,,,
0x5183bb89e37EBbB4fD53a8d760dd3A0AA4d8873A,1,,1,,
0x0c79CD5Bdd7F33c11aC6732004d93aA0BFD38AcF,1,,,1,
0x104dcE4800234c7780bfa06884B821c7037C9984,1,,1,,1
0xCf8Daf3125D6754e970d4294078Be22Da18624e1,1,,,,
0x7808f01C942655C995B9823D7e739D251532038a,1,1,,,
0x91D9a2eB1be65b995011028f532583C1Bc8FE61e,1,,,1,
0x32AE93cF8cbaA74298B8b990a861C10FF555F7a7,1,1,1,1,1
0x2F543396E6165241b0045F725006D254f7015cc5,7,9,9,9,9
0x7690071b82A250E94205E0F932853C19A6dfA2c4,1,,,1,
0xbF9DC1364F8E643925dCc54eF629Bdad04f4CffA,1,,1,1,1
0xb91B0e785206C8E571B311Ff179DaCE51D7fB3Af,1,,,1,
0xa112fC0Beb3fCe06cCDED05978824d7c9FdE1682,1,,1,,1
0xbe8ce76f3E8F0F5CbF125C4fcAaF2F166de061a0,1,1,,,
0x639F6f3DB538C633c4332782d76efFF048372288,1,,1,,
0x47aC31b035042C31528ADbbDF522c17316E891d4,2,2,3,2,3
0x50bBcE0cC7eaBEb0D46Fb6218017e15d0B60aaD9,1,,,1,
0x70cf21e9358e642385009218cF933A4eAdCe9D12,1,,,,1
0x09f63A1E9910D40406326B5A71e10968F1a72Fec,1,1,2,2,2
0xE5E7fCb603b03F3De5e0a0aA32277D8bd3188Fb8,1,,1,,
0x590a2C0A13127725458b5342856B0D628f775929,2,2,1,1,1
0x4dFd25b96128FC6420e2F802530DF08edE148c75,1,,,1,1
0x8D8DDd590DD0B8F34f2e29d4cFaa549fE79ad15d,1,,1,,
0x22dD9809140098367A1fd5aB45fCCDA3a88b3810,1,,,1,
0xba094f3212e2fb66DCFF6443709B3eCC596d851a,1,1,1,,1
0x547971818ccCB439cb4bE2872CfE3d1D7AC3634f,1,,1,1,
0x27476E8b45aDabd5730A497ea82bb8758cc87cC7,1,,,,1
0x79185c9d1e48dD5599157A1C289A910c845DEba3,3,3,3,3,3
0xBfBEABE69Cfc1e895A29361f105F81C649F7F8BC,1,,1,1,1
0x492Ab85d98b3b2979116C9a47b44f69d606B7045,1,,,,
0x6BC2b8Cc1f0c138D647A9B19333BCd2D1B781BAA,1,,,1,1
0x5d949a4E83d3252D98215DCA12A8f7B217403C23,1,,1,1,1
0x2a2739583187613AA83B81AC95C5a841fB99C4dd,1,,,,
0xd6c30a020EE85765D128584b27e59C9252DA00F2,1,,1,,
0xfd45BA41CFB3FC218565a197405f427c8c65de4a,1,1,,,
0x81bf33adE9B919d4Cc68b9cf228404dA0c68ae39,1,1,,,
0xE4b00cd8fd0A560D67967bb8B993155d694690e7,1,,1,1,1
0x5e5BeBa51c68dEFE05738f0B6774dE9b1b18BaE4,1,1,,1,1
0x30965F5E6fEe9CC1F9538721C4D9Fae71CFf0d41,1,,1,,
0xFC7Ca5C9540E9C15E0103c7b88A88e11Bd662769,1,1,,1,1
0x5F06642CC94d60Ac83360F2D7f0e83a405C3fC08,1,1,,,
0x16bc0BF4934f24D3c35CfC81097afb64AB99fB81,1,,1,,
0x6cD9cd442D00BA177d888c3379E26a996dB89d0b,4,4,5,4,5
0x59C8bb4e271DE3ac132094137257097206F74305,1,,,,
0xd1aB7c7Caa92c4AE7Acc679F0FFb2484604b184C,1,,,,
0x26F6F94576bD0D7BA81da78d192306Ae1A394163,1,,1,1,
0xCD36B622085C508404DDAACA943Eb69aD8113Ff7,1,,,1,
0x7B00a7447525c9D6C4808fB11d1E8994C6734635,1,,,,1
0x8d43EE78Dc579C01cA8C59c736b10685843286Df,1,1,1,1,1
0x445c372fC4005Fe10dd09a1FcBD6be0433E23344,1,1,,,
0x0fE123AF50c89e03eADa03e44CDDb43558a077cC,1,,1,,
0xdEb85d4A2308cd50df5D23Fb9051Fc189eCd4ECE,1,,,1,
0x9F39F9a3935F19c712215b7AE91010Dc5A59ce32,1,,,,
0xf30232451e7D8a8e740C3416Be25Eb85aF4bbECc,1,,,1,1
0x040635E5fD80B59B0501613a17fa0055Fa464143,1,1,1,,
0x37B873eDAadEB55fDCc5d65277fea0366Aa976F3,1,1,,,
0xF62050aA35B1D38D153d1F4FF1551B5848cF959d,1,,1,,
0x66Dfd0c90c7cCFd0379ea0a6c656e52A613Bc2E5,1,,,1,
0xb3aE0aa9fe82De1084e83879C2958E916C6D5dD9,1,,,,1
0xfBC9E053fAaa1d4584EcE0382d2340E4549f0730,1,,,,1
0x13c9cF47075b3dA40DEF84afE3BE586C50BC6DB3,1,,,1,
0xd8cFaD015b6de814587e0167cc787E530e1B393B,2,2,2,3,3
0x0DB54CC560Ae7832898e82E5E607E8142e519891,1,,,,
0xA54181E56573d74e7f5278E7bA7dbFFC74DD5fde,1,,1,1,1
0x015F35a94d8068089376fcC73223d0c94913872E,1,,1,,
0xEA08Cca3E31452A8a1e7881D64c437D33D85a6C0,1,1,,,
0x177710AAd794Dd79e0089273A7B821aBe0bF4291,1,,,,
0xa252B62B7750C3e71f6eF1420139024f8290AeD2,1,,1,,
0x64E7a2ba37F683d8b029Bdf40D5Ec9bfD5a28B16,1,,,1,
0x7d07DA14B87B6370FB987F022367db438ad38c03,1,,,,1
0x34A81B9A7a6207eDDe89cf75c2f6d6045D7969d9,1,,,1,
0x8c2d284f3Bf75909bE545EeE980AdED16d47b1Cf,1,,1,,
0x6F1db3a31DDa4BA755555E463b389f9b2b53B93a,1,1,,,
0xB16E64713cc7EFD6C38e56C66bcBAc24A13BA0c4,3,2,2,2,3
0x91Ad2141b87AB025737CFA80871e70E7c5581b66,1,,,,1
0xe4060ec8AE6CfD40aE35029948ea1c954C904Cc5,1,,1,1,
0x2d27FB4936115471DbD08c905E0F4E1c335f80cD,1,1,1,2,1
0x37FFe79d00C8c33E3f9622ac940e46BFa56d70a7,1,,,,1
0x71039d40ad2123b23FDFfe56453E903a515E5ac5,1,1,1,1,1
0x57F1D58E8a627187C01D1A6F4309C6c5423AD82D,1,,,,
0x387a39d5BF3d4C43Dc3d8c8c0Ac674BbF43B0Dca,1,1,,,
0xa50D86a2c3448341F54281c9b9657C4e44d5d9Bc,3,3,3,3,2
0x6b9625732846ea2764a45c690f23CA6F687b37E6,1,,,,1
0x13305768f9Cb29773f907B0ce7b352A7bF1B1F5b,1,,,,
0x89B636353e5312C33bde061cFe857d3Ea1dFc546,1,1,1,1,1
0xcff3258b67aF7849528f0dd9aAAD9932788A95d0,1,1,2,1,1
0x8c89758EB23623bbC0d7a681637f006894c60066,1,,,,
0xD4Db7364A1218fd77a77481D340dC0a0E052a6dE,1,,,,1
0x61Ff4155D462E1630732Da7d8e8F9929D50c72c5,3,3,2,2,2
0x70a4B0fcBd0fc12350F46F25af12B45A5888d9DB,1,1,,,
0x990D69a7541c73F853F1c75dB6374A9d75Cd9CD9,3,3,2,2,3
0x5c15D345BA2D1De1CBD2cBB1f3f0e9eded0824ec,1,,,,1
0xB02b402dc0fB41471d1aaFF86B8B527dCB5089e1,1,,,1,
0xEf2D22e46D37DEF8bc359313aBc8961AF2656982,1,,1,,
0x1AaD8b89823B122846A3d674624A9cC5d96abb22,1,,,,
0x66Af931EC0abC7960351C714f060802Bcd2d6Cbb,1,,,,
0x81a7D3f2CBfF827cEA70bF53c46eC7FE358f38c4,1,,,,
0x4ee9C4A41B2Af01438a09c9aF00e024B06B2658c,1,1,,,
0x15fb3Aeddf08fb91F3dcf1cDe9A95727427b336b,1,,,1,
0x48593C681BADCFD0A84B55e06cd6E368ca10410f,1,,1,,
0xBEaB4754596fb55cBA53B54a3d2037fB50a41fAD,1,,,,
0xA2bb2560c4e7405630BdF0002A509c0aA540709e,1,1,,1,
0x6F89F0b876879B4a7596dd835b3205eF9D63D28c,1,,,,
0xaC98015575A663b855D204EaeeFDF46C5F388371,1,2,1,1,2
0x8d040F3545b3e6BE1b86045e2899F65489ff4fDD,1,1,,,
0x11354919F8C6F51F1165085dbA08Ff99159412e5,1,,,,
0x4d239076f0063EC649a5Fe23c9B03F0Eea62B03c,1,,1,,1
0xf53fcF050F145d5fE98c058cD5B633eD3899B786,1,,,1,
0x42e9606c264c61B2516355d1a6d71C5E54c55FB2,1,,,,1
0x39D68897Ff9F0548c20263Cc532bC92fCa57972a,1,,1,,
0x77Fdd12dE378BF3e37A87451ECFe063cc5D56316,1,1,,,
0x31731ACA1f11F3A26114660F0112385148930636,1,,,1,
0xb89C62F69f56bcEc66C0d12CD319321eeAB0151d,1,,,,1
0xC2c505f16aD113444DD9C3E3eCc29d5a35bAB356,1,,,1,
0xFd87C3d2e37dcc91f0f74157a12cFABb7801D4b3,1,,,,
0x02655BEAadd26a8077e00bb7Bc35852341e4545B,1,,1,,
0x3D2AA09A76a7E654d97Cc73Ecb51B3232BdCb9a9,1,,,,
0xB825716584a928d0F987b28b306E41EC8930c326,1,,,,
0x10f7e4B7121d1F0A8ba37c126f51600Fe565B23b,1,1,,,
0x6A6048f18223D2486f997eee6B134d23b076FE6c,3,3,3,3,4
0x26625780De877a2Df35aCe5A0437361bb8e3cc1b,1,,,,1
0x1e817F9317D30c3e35FC4fa561d1f47e96cCdDCD,1,,,1,
0x10437b1650f6B1133d3Eba32fDc40ddf42e9d5BA,1,,1,,
0xAf302464dDf8068253E043ae10bFb1226CD28369,1,,,,
0x0a24E59e99867a2949205b14E4CAB78d59115885,1,,1,,
0xA892bA6f0046f3d9715B448F1EEf39aF0933FFD3,1,1,,,
0x78143238df750e9d9F1082e12eD56f2bFA332D65,1,,1,1,
0x4ECF4Bc90510794f5A4074136efb716485ae0dA1,1,,1,,
0xF820526d4e5F79d4C7247f0e8d09d3CF03695Ab4,1,2,2,2,1
0x5132ed842A01B4E28AeF8F6df0Df85762b9d2B8C,1,,,,1
0xD4B700EA4Bd9E26141320B0745d552A2edb196dD,1,,1,1,
0x61a086F8Dba9b295343f869BB3A904A949edAb3E,1,,,,
0x59e8763E0737Fac77EC247CF09965793c94D21B1,1,,,,1
0x908C057F2a6ECBBAcE4fafC5f9B7D50bb977060E,1,,,1,
0x5ab813f30Cd895187BEC65c7651bdD2404b19479,1,1,1,1,1
0x49Dfdda05ac5fA5Ae8cE1206f4488222ceD36958,1,,,,
0x54eef9Bcd9e939e1ff4D946E3EABebaC1a482E5B,1,,,,
0xb3564CAA44aBc989fcd997E88F856976D21D68A0,1,,,,1
0xD751e0b1DEe5D6479B4903eB319369DFC7C9CB9F,1,,,,
0x33326fB672959b266E085D9d464346DC609Cb570,1,,,1,
0x27c48787eB1d6B5c3f5c32ed8B0BA61ec7e1D536,1,,,,
0x1fEb7f8dBaF16DDB811C778B0FC255646A44381F,1,,1,1,
0x284Ae678f4e6F009fB02E6D2771e9a2BB84B4933,1,,,,
0x46Ae706E3400014733014a86b3199C6025c389f5,1,,,,
0x9b973568b0664BFcA35e8F0Aa39daEEA737b3fcC,1,1,,,
0xDF6dcB3634f5f5FCFA992777f94B434F6efD0CA6,1,,,,
0xC30eABd5aE3C91b3D9cbd0cACe49b7710AD345CB,1,1,,,
0x44bE98130fB63eb3a068929EF3a102f15c2e6159,1,,1,,
0x4f9B186B84a107ACa2B6A86503CE622e08A51439,3,3,3,2,3
0xDcdD14F9a30cf718487E6C8fffCf99dB2EB0bD44,1,,,1,
0x7F66FCb8aAF2fE05920C52e5e2BFAa74E2869eDb,1,,,,
0x230853BA75a5e4eeBaD4E41cbe1083632262EE73,1,,,1,
0x7FFEc73B5f86DD4a918B6A68Ad891b78D5Bf3A5D,1,,,,1
0xc98a85E8cb25992bEa76bcD8bD44ebd728366A8D,2,1,1,1,1
0x0Ab7BeCb8cCe46Df562B1dba5cA525e9cE2747ac,1,,,1,
0x8b2A3a31c88A496E6fF14A36A84EdBfBd5cd2529,1,,,,
0x4353583f5793F1Fd7231558ff933c6ee07c1124f,1,,,1,
0x8830851ABEfD53020f8c01c3f5e47C0A36EFe88a,1,,1,,
0x7ef4121748730BF53D8f723bc42cc6d27B43A788,1,,,,
0xa4F2F1c138B32AD5219b601B3753629B6e4B24dB,1,,,,
0x2486d0317Cc518675d3438CB4F67EBDbABb384DF,1,,,,
0xfD77066d5F0067D8ba228aEDf8233b3713934396,1,,,,
0xcfeE73e9C1082ba7f6c00238DE7DDE1cCE61B109,1,,1,1,
0xCDB8d6b3FF8eEf6Ce871CD4904Fb8480C1d1073C,2,2,2,2,2
0xE4672796e62847E46FF61A3621221C0ee4d347b1,1,1,1,1,
0x73ed8b06b786b881F673f861D51490e3Be47c341,1,,,,1
0xD380917495eFAEdC1DB44e1414Db3ae07D157158,1,,,,1
0xa684CfC51bf2d794cf197c35f3377F117BF10b6f,1,,1,1,1
0xB2AC2f80bF988A6670aF324c503322F34Bc5C7fD,1,1,,,
0xE2e8C940ab0C50d93d1BC1d885F82e74324dc58F,1,,1,,
0x9792553d10cFb1f425E593cC68D5766FA1c0f150,1,,,,1
0x5638C2621d062a7db28a2aB340cE2445E8b2C507,1,,,1,
0xe7e259D24dA40dD552ea73fcB7AfA037c8aB99d8,1,,1,,
0x288539a37036088d448A317b0327eaD5AFdD72b8,1,1,,,
0xd7F0a106F8d065C48a5429FDEcDc5E69b793f655,1,1,,,
0x09BEF95761BBB0637ACEd4A89D122dE98Ca7A435,1,,1,,
0x5059B080a16e9176f9E61E26A7E3944B1C13A8f7,1,,,1,
0x0F7c548C3c100e1AD6A1F092D95884Cc4dCEf4bB,,1,,,1
0xEeBb8fCa71d80469c9F0c00e0D6DB7cF97029d07,1,,,1,
0x00Aa3D1cd1E65fb2c058143cc72CD4794b50dc12,1,,,,
0x85e1eE46f7f15BB8Cc2d6739e7de64bCF0aa11B8,1,1,,,
0xEE0Cb104911299c3D1322b88287224D46543f1ad,3,3,2,2,2
0x97852657D38E6D4F4bA79C70AD6961Bc384CbA7e,1,,,,
0x1D417fd6C173ed57E7B952Fb0A2Cc285DB7FAEcF,5,5,5,5,4
0x9a24126dd50238410733E2D6A1ab4f85c6d4a00F,1,1,1,1,1
0x7FC55EcF955f1C0072b3b6caCAB654532f10f017,1,1,,,
0xd4Db6d8Ef756141DE0D838808Ddb8fFCd847D7ff,1,,,,
0x0e76c02c1Ec91f79dDFD2A8b03CeE49e3cC61AC4,3,3,3,3,3
0xf4d5F5219a59adb0C3490628A8872371936A2C04,1,,,,1
0x6E4DcBa392CEfCc3B021a96D088F4Be773AAfB9b,1,,,1,
0xA4E131A22DF699e6b3EE2933B614bD75457f6bd7,1,,1,,
0x7d1B8315a841c616A36B3ec9cb25A54Cd955bF2c,1,,1,,
0xDCE56d07CD5e0C99B820FcE6833530e229983994,1,,,,
0x555efd8d1e50860FeA7501265644b7acb8188518,1,,,,
0xc60d812346B4fA79E956e234B4B8B12fC0E7b405,1,1,,,
0x68C62D8db8dB114dD39A1bfac9A43D146b86fC06,1,,1,,
0x5c9Efa9e31141DfA22c8C3dcF44b5E9CCE0FDA51,1,,,,
0x36b8825D2E1d3Da0ED0546270cc0069e30a1e44B,1,,,,
0x347125aB96E098a9ff7e26405A75Aa227E119c15,1,,1,1,1
0xe2d0fcEE2C6b71A1d78D191485ACA0E57C8cF447,1,,,,1
0xFf0847bD6c84bB02bB0Dc617e59DEf64E309C756,6,6,5,6,5
0xeeC7Bd96Df9e5b0c5e59DaEe44a697FD9C4fd7fe,1,1,1,1,1
0xe7F41de4E3452C4FE63EA301bc126049608F8E97,1,1,,,
0xB43Ca57e0093f1D0298E9eeB472dc9C9E03A92aC,1,,1,,
0x9C6fa853aA9f34a7424238c18b794A0646A4D0AF,1,,,1,
0x92C9C02ee3C4d14109c79cF9200Fefc514C94A07,1,,,,
0x3A313e08a22c352f85b67f12a6A8168B3DDee798,1,,,1,
0xE76d6f8747A0E41c92567fA634335f97eb1597f4,1,,,,1
0x5A0195eA26ED2579259D0870306330f0AF61cbA4,1,,,,
0xC3Fd71F33D10312e7A76F5BC8B20de0559Bc28fA,1,,,,1
0xe0541a8394E6716f6a28F18Ac75845092FC38077,5,6,6,6,6
0x4122Ac127311bB4bD22ceC65AE3A8007d8ab9489,1,1,,,
0x61531a8ED0d6EE7b34598BB260E16A2a3C01B031,1,,1,1,
0xC9179BbCD1FdE5C173ad53591019a7464FE738Bc,1,,,,
0x03C434F2D6502410bffBd798ee4a94cFDDA93E11,1,,,,1
0x5d0Ea55935CD90Ca9b282555F5E138f49FF55bcA,1,,,1,
0x340a8A94c2f369f7873D243f5b50683C40248619,1,,,,
0x5dc8d7A9Bb9b607E9148689ec0E03ff1a23D55a4,6,6,6,7,7
0xC43AcdE41f9892CA70aFfDB9694920515610d278,1,,,1,
0x074fdC302F8D3C0E8B11C80F2A07BF2a3b8ca855,1,,1,,
0x90772044d09585406F7Ffcd3BE0d56168A17cD15,1,,,,
0xBb82CE23CfBADA677a6EFdC2e3e308AbF1141c1f,1,,,1,
0x6d14eCd12663E1114eC3534d374ED598509DF199,1,1,,1,
0x8dDb29bE64676777B112Debe38129DD660e92b31,1,,1,,
0xE2f4EC3418a8963fbcbC9e4Be357FcccF423CF34,1,,,,1
0x467d94EdE1cE658162c8D8803249F62F478580F6,1,,,,
0xCFdD6Cb5AeA4C6DA545EfE9201BC8c3aE959aA79,1,,,,1
0x222e859Cb744eBA5Dcaf5224f52b69Cb1bD72456,1,,,1,
0x440004640a0145a4FcA66D12B85cb6d31633D2F6,1,,,,
0xf6d90a8D43c51AfFf236B2b93Ab76ce6007E2518,2,2,2,1,1
0x279AB61EbeeC7C354a05cAa1878F269105D759AC,1,,,,
0x2c3474Bfe64cD9748be69D24c30cC91639265e68,1,1,1,1,2
0xA542af7cC5C2efEe2e0e2B669A85cf4aE0441De7,1,,,,
0xACe39A7Bc696EDF13a6b473EE3AD52BB16f998b9,1,,,,
0x93183cbe32D580760036306C69F916C384fdFB63,1,,,,
0x82e189F88091f412df93f33D7d6A29E413549683,1,,,,1
0x0091748a77A1E06B9EaA5727252022Db062be68d,1,,,1,
0xC88646ba27442A507c965Fef65bb870Da9B5Fd4f,1,1,1,1,
0x718E2cA0A522f1ae2676063d652453F316b79aa7,1,,,,1
0xFf634F9ED1005198F3Ae614328d2274c97e97B56,2,2,2,2,3
0x4b55eF5752517014DE48006AcEe30C976b6E6d50,1,,1,1,1
0x93CB886FAa676eC479db931ee5cC6333cb5a0fb9,1,,,,
0x6F70c3Fb8d3Ce5A6Edb3a31F4d9d2A4f23D82F97,1,,,1,
0x7Ea566b1D7083a0D14C37C64eE642a4Fa0058f24,1,,,,
0xaAC6FB64D81B2feac0ce0a32637C788D524D1F58,1,,,,
0x10EDF88b5393d2f2bFa5737461e6b3C3f33cF1bD,1,,,,1
0x2109652A0B2F16295d628F7BA108CA19e3bce112,1,,1,1,
0x61B585Ee1DeDda646e799d7a23a60a8e592C9204,1,1,1,,
0x3841B520Ad594A0AEB83C7d8a2d7260e878C5e19,1,,,1,
0xa1b9bA052E32145B58A83F52e00F7A7d725c40E1,1,,,,
0x86f3b705B32411b8bf0F839E12FCdfD0125B51c2,1,1,1,1,1
0xdE07867BBdcBb0ffc65E185686E9f1214aeDdE25,1,,,,
0xB29D0f3B7FEeEA31064b8F2b4BC853575a4109be,1,1,1,2,2
0xbfDBffD80741F83C4C8a86AE706c83a721e2583E,1,,,,1
0xa837c1E2b87aab4d28FeE399C6593B66422fd5d2,1,,,1,
0xF923da9c63E52e638272d1054d77DAcD7556A653,1,,1,,
0x114BF9Ec3994F8C1239B51F86881d44DABBAF6F5,1,,1,,
0x36Ed3285d3f36875a1a435b8a55AB795A81c6Bd6,1,,,,
0x9D7144D004973Aaa5328Be32f16DC40dd0a94d97,1,,,,1
0xbb071a34230D7ED1D367331fe4967a985694e8aa,1,,,1,
0x1058220E04Fd4cD95B18cD81FE9f8D9FfEC2E632,1,,1,,
0x64F822bd5F15f9fEf824376C192B353d425143d6,1,1,,,
0x55aD86970e9DA3dD4383007Df879B9a1bd7955Da,1,,1,,
0x8129D66b394685028F28c0B4E50Fa7726a23436A,1,,,,
0x2247eA5ccE760f8DaFBC85fEEae4094047AE7F28,1,,,,1
0xEaD7423F2179e26df07758b44bEF3Dd073d6Fe4f,1,,1,1,1
0xdC23d1367d84AAd2359e3b8C8579C29E3707E309,1,,,,
0xa7c1EE2Da56072C8303Ee4bcab33341c0867382A,1,1,,,
0x106D0d1Ff8bC5CdE95F06881e381889ae73c6995,1,,1,1,
0x29377aEf8C4D9308B1861b74552Cec903A1E984c,1,,,,1
0xCE25Fd73AFCC36CB33916BA07732c9e33f2b0D0f,1,,,,1
0x46885051dB042ed7640dE655E286c37bc102D197,1,,,1,
0x7AfC88f9B4648F4ED44fB0b0ca9F3795a31e4f0C,1,,1,,
0xC3788d17405Af76132C2Ff2c3EF87Ce594bfe28b,1,1,,,
0x5de8333C9F406d57A00a45794A730b08A3673404,1,,1,,
0xf116EE7EA3f7de67B74C86176bE693CfBD46F3ef,1,,,,
0xA468Ff763530d9f7C1355C6C92e2E0e402EAcbe6,1,,,,
0xE60Ed4375B8771330e67D2037d1D264A2535F0cc,1,,,,
0x14775e6cBf8aED12Af119F767D98b531DFdf7478,1,,,,1
0x14A0adF86EE9b596f93DBb7dA5AFf6Fd7d3Ff160,1,,,,
0x2B786BD7af48d41263388c63e6613dFe9c6A27e1,1,,,,1
0x3474FA7Dd95b4CaFcab603f1e2d9f1ea33C710d1,1,,,1,
0x6619A1b14608E92A460D021f04ec7611ae310cDA,1,,1,,
0x90C31D27d65F0E7fd8d7Da81d93fEB502bc74371,1,1,,,
0x73113FbD8f0c8444b4E173557cbe94c5e9ff9ca4,1,,1,,
0xDEB811B25a11034A3d4b4A74Ab1824084d5C6f94,1,,,,
0xFb7486d7f45D5A7C83b9Ec856Ff2D33C13aefd26,1,,,,
0x42c22D603A5F90DB9afa24B96dd8c3CC758ac19a,1,1,1,1,1
0x6A9F317eF3eDBF19478E8e3024A4b7Cb0E7a7774,1,,1,,
0x2b23E4E377f2494955089040c1d56A116cF55956,1,,,,
0x043145A2bf34706451D7653684e9cb2c5FFe7aAF,1,,,,
0x28c271889AFCa06362c9eD8C2b556e43a2584e09,1,,1,,
0x77E0F04830B92515EFEf2fFbEe297bf0d65D8253,1,,,1,
0xD7c85b73f7dfb9Ce969025ac931F9C7f17e82Caa,1,,,,
0xE64A4723b7F704f2e976Ca868d9cDAe5Be9A533d,1,,,,
0xa8453e637E84B0d9202787d877De26E1fb8715AF,1,,,,
0xF461b7E6CC342D2942379caB5332671d4B9EEFee,1,,,,1
0x4cfD6706e03AE72871030b16e1CbD707DB84ae94,1,,,1,
0xA2184464858002cf1d9EAE8064718b972A6cCD42,1,,1,,
0xeFCe60762558E113395d48B58E8567c556D36f23,1,1,,,
0x8ACd9Cc99d622FDE692F0f6eBB6C840C41D7DF08,1,1,,,
0x313D3768CffE505b5f0215d9D5750CCdFAf0F89D,1,,,,
0x4E8C1CfD32C026e2561cEF1F0BC60A948805a330,1,,1,,
0x2Ea86705Fc9E2756aEFe9E6e9B487b62F4599BB5,1,,,,
0x1504914451205F67cC434Bb521bF605672284ECc,1,,,1,
0xEBE326d8De3413F8132518dcFd45e6cBFf7E5c27,1,,,,1
0x10baF8298D4774F91C527DD963b7a18d60524c15,1,,1,,
0x1999339Fb7c95Ce8D4751e0A79383F29259143E6,1,1,,,
0xd9B2DA38093B21eA2fa87947449A19c0FbA4a92b,1,,,,
0xB5129A706Fa780a2a6045dA870b51e5F0888611c,2,2,2,3,3
0xC15316BDE4FA13Dd8f3F3348DCCb878e8c033518,1,,,,
0x2e95714f81666f09dBfDb2ec429c31a13b5b4d6a,1,,,,1
0xbD946fbE59c810E5669741058f9798AED68CbBE5,1,,,1,
0xE553142386e999606aD14DBa6cE17F4E56eB80B1,1,1,1,1,2
0xe4254cf33F8E1276549F010989dE8Eb9251Fb917,1,,,,
0xf3f081339EC212808B4f7a9a3f00098fe0667B0e,1,,,,1
0x7EE8F8f465896f56EDbDb5209015b64249c96DDC,1,,,1,
0xb1b74F5EE6Cf6Af34768785802Ff90E8C5D5Ad15,1,,1,,
0x17735Ad53064ebc0456622E0309BB4aBB3dcBe5b,1,1,,,
0xb62529500E25280fb17BE5fB6f9FA39Fd10500a9,1,,,,
0x62568C796B95127c27c8638dBeCdd4EB3A16a162,1,1,,,
0xC02f8963aF9B45987A8a2A72443A9d9f845FF00d,1,,1,,
0x695c6103e3D7Cb9dFf2A2F6648c0951dd39f4952,1,,,1,1
0xdB826BeEfa12A13591aefa2EDFab313E6A342698,1,,,,1
0xdfDC3d90E83Ad1e283265E9206d2aCB15EF87f74,1,,,1,
0xB9f047C0CF94988c4A34E61740BDE375cD148cC7,1,,1,,
0x56fF22798ab380616380eb5af6D055aC91f4b114,1,1,,,
0x83d41D450d5b2fDC2F2319A72B1190E6e23988Ea,1,1,,,
0x05f3136775e6e37C5822Ae3262E07E4a8Fd94C00,1,,,,
0x18Fc8940309C4F58806A67C101aFe0d3bD16E424,1,,,,
0x58E0551c0d175Eedbf86AF8a9b8cE89714F73a20,4,3,4,4,4
0x3Cb3057eD534e91882a41EC4914e373fa39cE984,1,1,1,1,1
0x8bAE575AA04A0249224cF8eDE213f19563b4f4f2,1,,,,1
0x73174348ffdC574688cA3E69948dbf6cF571Fa41,1,,,1,
0xE80412A25Ef3E652FE2d89e0b9D25fcfc3445012,1,,,,
0x9471f70F2518846F7a076636D64e5a22787da105,1,,1,,
0xb511FEdfe7f7eEBBF219b6539cbF460601dF760c,1,,,,
0x63294F76dD7E0Dd78fb3c430281B2DAE494EC926,1,1,,,
0x4273Af94C6E7554fd03A325d4c14aE656e5210f6,1,1,1,1,
0x4Fbdb631c56Ac1b2D48FC779bF4044f068a5F4B0,1,,,1,1
0x99Bb6210d2111382c323800BA2641eAa42fea0E2,1,,1,1,1
0x0775a23372a9A1572B2138f0eb5069A60f6b8b05,,1,,,
0x902947c58c16b767A87ad622d5772109a3c54195,1,1,,,
0xE1D539BdAAC4E72adD5d84dcC7c8844305573443,1,1,,,
0xeA4D8482132d15666a58BdBAdb6c856eEcB1b5BC,1,1,,,
0xe1Cc9fCa908aAAC30616826D5a320e5Bc5C9223b,1,1,,,
0x22d56d575Ac38B0cbd5F62e6AA5806578FA8809A,1,1,,,
0xE7c29d8426a0C70449396E2DB94A7C3C5833F9B9,1,1,,,
0xD23c8BE03abB97F6885016B3E96DE48C600d06e3,1,1,,,
0x9EA0d8B69B2Ba90975CC6d59A92D69D55C7eDB5F,1,1,,,
0x361084AF8D45E07885b31fCEDCb642b9Cc7B72D7,1,1,,,
0x4Be722bEe5b11C3aC9D90f17ae65e0Bb6b53363f,1,1,2,2,2
0x6F47aa396215ab22647dDB3E86b4663DFe11dB14,2,2,2,2,2
0x6cFcF60A9d305dFea4ce07179c9C510686339FA0,1,,,,
0xa6036d879B7687C91b0612d556999EF3FE9Ca20e,1,,,,
0xCBF7FA1EFa09a623DA61B99d7D7878748C85A2e5,1,1,,,
0xe9B7092940B4631c87e406EB2d292EF9a039e4Ea,1,1,,,
0xC1E69Aef752f3b9B8BE4E6b2e6c7A9c04D7f1166,,1,,,
0xe027ea8894523eA7D485b272e14ACE88C15fAFCe,,1,,,
0x6f04177e90Efa8B116b74B374d0F6fA38A72372a,,1,1,,
0xaE3F35b68013b18570eF0e9BF900b35cD79D46d0,,1,,,
0x6030a06B109F09BF1D2eDF25D55a4F31cc22912d,1,1,1,1,1
0xD5F6812971692117f581796147D2D3a2A579737C,,1,1,,
0xD723127B0C9aFF7B08A8AAAc3F6B95D0716926fA,,1,,1,
0x2C7db3aB2aFE77Eb55036Ad916D0F7D8679eDA82,,1,1,1,1
0x22E7259B76fB34ABc2ee4d60BC996727b3B79a83,,1,,,
0xe771E3a7675a8532473A9640EdE1Bf56C409ece4,2,2,2,3,3
0x50bf2c60b782E4429380b0FF1b41a5b4bdE1EB9a,,1,,,
0xC9d8D69A74f2f32f7294d242c7272aa873167b22,,1,,1,
0x31012d1270A826a8a40259583a639f5963C778DC,,1,1,,
0xE10cF142e3b83789B68E41Ae2fA7151b317d589C,1,1,1,1,2
0xD502d966f2B50e4C1768efFe99D4C7C90C3a7625,,1,,,1
0x35545AFC2934483D494BcDd097057564855D019e,,1,,1,
0xB4025a6C597E9d1eF726428c2f34447Fdc0DD8A1,,1,1,,
0x357215CC2076977Ecd85D301f6DB68B0Fea4F3D3,1,1,,,
0x78Ad15218765558EC81EaE19B22BcABA33dF1dFD,1,1,,,
0xF7C33e730d235C467a81d341122606D8B1F697D0,,1,1,1,
0x3FC8B9922A75e2204aE55E92d2e807Ccabce5302,,1,,,1
0x2113C963f1784B17d10d4A9d7b1fce3DCEa2F09f,,1,,1,
0x5CC22d8Ff6e82E193072Ad62D1117685d31d59cD,,1,,1,
0x5DC91D2AA40F46BCda537a942754Aea301DfFd70,,1,,,
0x527aB8336ECD7a9EbC92BBe5080E98ad10c46488,,1,1,,
0x2e97778b97DB81b62eb64103813E019F353537cD,1,1,,,
0xC42A8aBEbEA0D36775f4d274e0Cb87e160e02945,,1,1,,
0x3D6e4A3857EdB49d0704e1940cacF5B8512D121b,,1,,1,
0x7ca335fbdEcF5954c844a649dC59ded110e75898,,1,,,
0x445c1076907E1f8f1eFDC8C1efDab37C265c0928,,1,,,1
0xd449175208274B6d9084eDbF89E3a3879f9BaBB2,1,1,1,1,1
0x948AdE8e848aD86291f81c0c6Ea284bec78DE15f,,1,,,
0x1C8f0c22F4C93AEB52c91eA0856F671106817195,,1,1,,
0x627012a2c65f69524543BeD9E06259aF1458355a,1,1,1,1,1
0x8B1510D9aaF015F23ACF13E328Ffb5AB065C5bd9,,1,,,
0x9a0E3D58b77ac638e22891663B24776a0E75d462,,1,,,1
0x02359571933478858557F026c5503d200506BC09,1,1,1,1,1
0xBe0fF2bcD12D4D9ceF9061161De467678799Bb98,,1,1,,
0xF6541D65361BFae44117350B7d70fB0828AaB7F2,,1,,,
0xb27fC9bCA3dC45acC2F0a64Eb860f2310634E982,,1,,,
0x95819651123B3ed7E57C112203c0639063084732,,1,,1,
0x50Df96C412CDCDcCD3CBA78917f9511C9B005BD7,,1,,1,
0xFfa9662A776D0e37fC0482BE9159097073D4D387,2,3,3,3,3
0xe4845a3574C3bA0160fA77b9885f7489A49793F9,,1,1,,
0xA0b3Fa810Bd9E68C49C245dA8aAd9E2B46373349,,1,,,
0xea5F14f0404B70f54Ba36B6945E1FD4bb2292066,,1,,,
0xC3Ce97eef618f9C6061D70312e8B310FA0dCB81b,,1,1,,
0xF09417291b3Ab0986Cd0B3282c5F5559ee70598F,,1,,,
0x9A328e8BAb31fE3BD87C6853434773A6E96b3BFf,,1,,,
0x52B5f56d69e5E3dF3f259b821d4B2815D4b128e8,,1,,1,
0x4a5d91BD3aace8C2EFF33aC36b9F2Cc3Faed2AB0,,1,,,1
0xaE80429FE8AFFEc9b2de3fEA1B4e139588AEE4b3,,1,,,
0x119fFcb72Dd4E5FD21910B571Fb5eD42911C5C50,,1,,,1
0x4b8ee1eEf0bD930c2277a60c839834B142B373d2,,1,1,,
0xB45182fD8482653199F2781636f1815f08fc8715,,1,,1,
0xC43AEe935F0EAb8f9eD4b31864188070819B1443,,1,,,1
0x45077969Ca7C90Bd864433E4030E0ec9af924920,,1,1,,
0xcB4948D394f9fe0115E7dCa9F5d6495ACD7dd12f,1,1,,,
0xF34BbEe56024C82598BECC6F2C8Cfc7db62f2fCc,,1,1,,
0x0AaB5f8f7Fc8251f8c0FAdF4E4b1a1ca47Ca1aE0,,1,,1,
0x8Ad002d2AC51679Ce0b283d0134D159e24A0814B,,1,,,
0x17A50Fc210Ac1174c24E2d0910bCf78D94a9cF0B,1,1,1,2,2
0xe852A4540a7ceA3f8b428CE3F091D4E2b47D664C,,1,,,
0xBe6B4B9D33e15e17A3852A6E7BFeA0F0A126363D,1,1,,,
0xae09cd1a1497313C9D5Ea13c653563dF3E0587a2,,1,,,
0x4C1AFfDE28dd2D0F1191381479f4FBC57512D846,,1,,,
0x806375720C42753bE3D98109E93f5dF192fb0222,,1,,1,
0x2D9446aEd152F935106F982B72D4E26b75Ac692f,,1,1,1,1
0xAc683692902a158bA1a43003e134e45F02BdBE39,,1,,,
0x21f131A636992eA1Fa5482f771bC63a02356fB1B,,1,,1,
0xE384EB05B1513708BaDeC20610BfEB298973f002,,1,,,1
0x6aC029Ae2e792a56354C544347F38d68db618492,,1,,1,
0x8259058D1Ef17953E38163A52e3e29E6Bb3E4093,,1,1,,
0x2931B24e740f9fd5E2eA16Ecd9201A1695c62691,5,5,6,6,6
0x6e76bC675e5DA2BE7B535823e615ec467F33F8a1,,1,,1,
0xDE26b5A134c7e6F6f9a041B71C701430e9FA9630,,1,1,,
0xcB8B375Ea2AB6Ad7F670218943e53232480AF52b,,1,,,1
0xcc6096439D445fB8e0A988fd8Fc1817120b3dE4d,1,1,1,1,1
0x4d6841ec079f81d39e8664a5B0C7Cd3615cEf65F,,1,,,
0xBF250CDB64fB1BA61CB3D3463aBfA4c6d0376beA,,1,,,
0x5bFE87274C671b4Cf6A1AF554916819F6141EaA1,,1,,1,
0xF7Db9808568de9B16503F3F8e2139BCCfc8771c6,,1,1,,
0xb48cD16d54CDF080dD2F0f7ff23c1cAdF97A9b13,,1,,,1
0xB9bF56F0a8F2cBf308812E4c588C1155A6Bf3372,,1,,1,
0x69142d6d30fA4131aF591620bE4b335470D077ca,,1,,,
0x9813Bb4f6AC2993d67D293ce5eC915661Eb539D2,,1,,1,
0x98E2Ab7934A8039978559Ad901539a200E11BE2f,,1,,,
0x62EaA51DCaC065ABb55EED7047785a0080e7DFb4,,1,,1,1
0x83C2Ea8d6c5Ab1Dc95bc004AA8548A69D68D0feE,,1,,,1
0x2401143463F13b70a3F1d5fa83beB94021406DBA,1,1,1,1,1
0xfD06a386C2486F95525Dea10c1536A34a21e5058,,1,,,
0x4C53153B49074C4946b44Cf2F27795B70453a52c,,1,,1,1
0x9dA9ED40BfA71F98A90151f0b1272fe293a75EBB,,1,1,,1
0x80EE0008A4Ce12274ACcf7228318a2A128b52241,,1,,1,
0xaaa60100D9971504A389fae0c2a0d986F780C56c,,1,,,
0xae2389d2c18Dd47Cb664a1478395fDE79DD47c9D,,1,,,
0x2bb5a93C94bc2C01BE8B75ff18382581E2d7DED1,,1,,,1
0x8ba61b7536923a08d1522361e990355b125d2a20,,1,,1,
0xaBa4ee096bBf74b5dbB4902240f15a88655E912b,,1,,,
0xF94FE01dd17116C09bF7076b2DEe0FC114ba047C,,1,1,,
0x20F857b13D6C546eC77aFE47317EA3c5a75c1c6c,1,1,,,
0xab1D0EF8D8B4C58bfb2d694ebBDB6bDeC98aCC96,,1,,,
0x6731b19776BdD6bbB6C3689AE26caEc7e7F04d42,1,1,,,
0x3d18F213130347Ec82F77B76DAD6c9Bf34340e47,,1,,,
0xF1E76Ef48352d410098587A8A05372b70b2eBAb2,,1,1,,
0x5DE220211CAFd73D8062F1a36cA0fc20aD792056,,1,,,
0x85c8d6eE9340b6f3893C53770e6150dc1e79Fb04,,1,,,
0xeb398946206653cC540fDE0cB2505D5ED5D3250E,,1,,1,
0xC9e901a4564cdf88972a12eA6c3E6117222892De,,1,,,1
0xC46ACD984536f2CA378fd6c64008473BB0F83553,,1,,,
0xC1E84eF02e240eBcEDaD362B20DaA62ACf6E92a4,,1,,,1
0xE85DBB09A699c0543C363c3f6E51ef0049e3edC5,,1,,,
0x46dDcDFB50b6ff0A0765a341F1bDb10B88E39803,,1,,,
0x4f6F6b4EACff3e96C19D8773ac5ac05F5a650207,,1,,1,
0xEeA1b0E54dD9B16Ae6cf8F15C54C1a979F6f9b00,,1,1,,
0x5dCB10fAF618A3cf0a7B6bb1bFa0494451089De2,1,1,1,2,1
0xABD5a552615B981575C579F1b10C2aA686E3cE51,,1,,,1
0xa14DeCEd6182fedfE5cE60a8dacD1E93C210dF8c,,1,1,1,1
0xd143FcE200BC0325ff7765A030A86f992CEB5b21,,1,,,
0x6439543a2fF1d78d25ABDc8DAa75bb004e210183,,1,,,
0xFbF6C9D9192153daB23a35558d4E971BeC03315C,,1,,1,1
0x6337D92F60A29c83bA222f3CDA5CD32Be2Fa4C2f,,1,,,
0x7Baad6cfd733eb5EA92c76Ee037233B3C891710b,,1,,,1
0x6049CEaA510d5E7585A4D7Fa6C102C1bdaaaBaCe,,1,,,
0xeBacd448A23f63a156841d440778be89613bE97B,,1,,1,
0xf0F1781C4cCE58A58702792bFcbAc35503933977,,1,1,,
0x0D66Fc519F0A4616603AEebe4CCB52c8246ebC96,1,1,,,
0x7f299cC6AB8521d507821bEe6aB9230914F7b324,,1,,,
0x78283658432668C17acc5e4eCF7a4F68C3db310f,,1,1,,1
0x2969141Bc66AdceF505D53DF31AF0FfB76E94623,,1,,,
0x9FA586Ed44cE88f5473446c06F3EA50adB8d1E2D,,1,,,1
0x96F27f0940Df72E2664AdB9ab10C658606Aa004B,,1,,,1
0xa549219B82E232f57b637C47d87e9A5294D03cB0,,1,,,
0x61F11DC5F5b7D0144e3a29e7f6035EC10ef8c271,,1,,,
0x583cEeC37250FD1b88E12c0393904F85958c5A43,,1,,1,1
0x61E1819F1cd6976238231158C5d7b19f0aB9EAD2,,1,,1,
0x239a6bE47bF543106918c8AD3786F184D392daBc,,1,1,,1
0x452fA8d30c1B6183f590f9D17eba06950898abD3,,1,1,,
0x5979CA6bD7d4A37Fb5B87b96339C17Be143c0968,,1,,1,
0xf680AE0577049E16B06649a7ce336339C21eF69f,,1,,,
0x821d9A3F2Ea71E19c862218f4B041FA5a2827490,,1,,1,1
0x87A71Aa6355A9dcbb43868f6A4Ac54116e0AaA8a,,1,,,
0xf4a953f7cc07B588758940fD7fBaAeE2102243A5,,1,,,
0x7D7E07f16140C3BF79844DdA227ff55008aa4666,,1,,,
0x9e044928B681982A30c748165f4487efc1925F7b,,1,,1,
0x612B638d506929dB7963B3F99Cf947D47809142F,,1,,,
0xa8Ef28560A492E99584B0debA9FB68C415F88e70,,1,1,1,1
0xc59Af5b5730Fd0D7541Af26D5e7F9Dd13a514947,,1,,1,1
0xE801999b587d5916FeF5E852e80451f1c8305752,,1,,1,
0xDED5cef8F83B609749ed82AC43549F8128f87D5B,,1,1,,
0xAc334Fd2355eD58cfC89b69EF9BC9656A9d818E7,,1,,1,1
0xAAD69f282347A51E147c085d491CfE711157a8fC,,1,,,
0xbaeE3e7368223d1aE47c179bf7DA2529b67b84fb,,1,,,1
0x6e6561f85DCc43c8dc717Be06b4000B06D8c7DcB,,1,,1,
0x2856a20e2b169d4B169EFBa4484132e7FB29037E,,1,,,
0x7a9adb31Ec1623e463138Dd4CE88Df7e791c6f03,,1,,,
0xeC8501D13790E06441705c180a78065534c8360B,,1,1,,
0x4213ec5Dd6143cB0309E5101C99A0587fe92230C,,1,,,
0x906eF92ba0F4be8F87b8529eC6d8546cd85b263c,,1,,,
0xcC507Af709b2b9d0841E99F6AD90A05ED06b13Ac,1,1,1,1,
0x58AA118039cd7937b86dfbdaBa48E79fa54861bE,,1,,1,1
0x40f465F1ba4c2Aba91c0C896cb92bbe4c7e545DF,1,1,1,1,
0xbC6e70CB9b89851E6Cff7cE198a774549f4c0F0C,3,3,3,3,3
0x2829d75963e0f9475c31E8Dd014152b3AD2efC6b,1,1,1,1,2
0x1E74e5e46A6c00d0F8ab28326ab8f12DbA8710d8,,1,1,1,1
0x02594037D4Cec55dC0d5069306F25DE258Aa7DDd,,1,1,,1
0x153A93638c61e7468E90DB6aB53493062dC95472,,1,,,1
0xcD5f07640FB974DD22682e44155df10801701D31,,1,,,
0xd75A5EfC33592ff5F6d871EAd77D8Fa11D90f895,,1,,,1
0x63C8e1155E2BE1e10041Ff56625805abCf1fBf9B,,1,,1,
0x94d67605EFb79a800a75Ed8d5C0EBa557873Cee2,,1,1,1,1
0xc348f4B6dBf1B156D802810DB2f6d59F36c837BF,,1,,,
0x0717DDFE299dAA44282b26d8703cEde2163BeD48,4,4,4,4,4
0xCf9E8C47e2F5D5b49732C4468fE6FF26418a3579,,1,,,
0xaC0f76A8c30E23bc197D26465e7bE319713c5224,,1,1,,
0x7C9285642F0ce18f7D44FD6eF89Fe94d0C298174,1,1,1,1,1
0xd8C9bDfbB887A44Bf45692F6d4D0576412f8b577,1,1,1,1,1
0xaE099730Dfc04C086Acd0Ad9881f86ac62AD0b7a,,1,,,1
0xbD97eb0b839408230eAdE5206d78aa6bed64AF14,,1,,1,1
0x82B9a09A122185ac03a4A259FcDC878c2a8976aA,2,1,2,2,2
0x5B97106fa5D8686a447B3bC6A98Fd0fbA35Dd314,,1,1,,
0xF9001A57d0aAc84abBB7156A5825530CB163A2e0,2,2,2,2,2
0xB890F264b1A7591cdF9e21B3B640A741CF677AE9,2,2,2,2,2
0xe602270Da1657587F2b2c6000cE376bb24beEF4D,,1,,1,1
0xc11f42D7b2FF88bc32Da5d06bc4B7467Ac2B80AA,,1,,1,
0x481bF48ac5195d4199B494F45FD3673C7e4e8104,1,1,1,1,1
0xf29d7398cc76cdabcf0fb6aE590df2692Bc0BE12,2,1,2,2,2
0x94E997B3E0d37D412a4E9f2df6ceBF4F32b2eCA3,,1,,,
0x4B1c18d8216aBc5D0fe3Ec29B01028fF08801629,1,1,1,1,1
0x385Ee5caA8178Ce0CF3449E926fF8A2D0A4A2e65,,1,,,1
0x5f05e8b3944E942818646B1A3826b362f5cbf1FC,1,1,1,2,2
0x0200A077aCb7a1F0eb3A3c1fB3E412300940506b,,1,1,,
0x864902A9578Fb35186B80af2837e6a637Bd27CCB,,1,,1,
0x07A5e6A5F67E33e16E98C73B6023Ac80420526D7,,1,,,1
0x0fF1C722c62479546755bF1B6eBE9b1d8c5f213b,,1,1,1,1
0x26606Ec220f77bd6D76DAC71Ca4bFbFAAFAb0155,,1,1,,
0x17024bb9827221f6D9DAbaDed36F850c8cB522c2,3,3,3,3,2
0x4e4d663054b6917418DE504568dE5d8F658D33cc,,1,,1,1
0xd54362a003561852Fd4A5D74CE3F0F6A44FbC0D1,1,1,2,2,2
0xD4fda2396E7f88085bFeea94F057cAC08F617c88,,1,1,1,1
0xa12fD0e55F85245D7386453F6C70A57CBAa590FF,,1,,1,
0x98809B67eC505097958EfDa5D0cbEeA51046bd70,,1,,,
0x85e3BB91fE1364c20B1fB9878CBbF48b8f58418E,,1,,,
0x1e111E497d577F67084FF5388631B30b5079Ebc1,,1,,,
0x8e6df33545B05E1E79Dc159C1c2133a3B7CEA769,,1,1,1,1
0x7F74B71b5C3A200d9ff327D1F6f8FB695393eC5c,1,1,1,1,1
0xe2878a9ee0645f95F5b20a7ea0079Af2B76dd381,,1,,,1
0xF09206e2cd69c24e716Ba865C80BB383205Ac5c0,,1,,1,
0x04e34e0c1009b6d1DC2e3F4b5FF63020BDb07316,3,3,4,4,4
0xcA3Be8FcC0Bb1e966aAD0FB5705ba11b517bD219,1,1,1,1,1
0xe4933D4c05e1EE7BdaC4d826Ea703DAa156ecab4,,1,1,1,1
0xB820893d8A6BE44E7cf5D57070A7cf801fe15120,3,3,4,4,4
0x434C55a21CD31517a21850d53744a4D00305755B,,1,,,1
0x6b9EDC03Ee3096DF5F90a67959AF8E3ED4B43dCe,,1,,,
0x447F4B145d09D83Ec54abb955A9b746D5aF08564,,1,,1,
0x790e9D5Cff35aFF09F76165345646277310009b0,,1,1,,
0x4980388d6E2c996c0cF931c2412Be7195fcf9F04,1,1,,,1
0xDe43C8844B651f092e2929Ef75DC681f0505860c,,1,,,1
0xFceF10FFD4a0Db70E4fCCCD353D3de3FEe568F47,,1,1,1,
0x1cF45eDAd9Ea86050904aC535349306965BB9393,,1,,,
0x78b813f1831AFeA7BAdb39a8845f88A4Dc0Ce1B4,,1,,,
0x85c83E81cCD84cB4bc4b473Bbac1B9070193e177,,1,,,1
0x1EFF0B95EdE3E600ed9cBe5384B92ea254E16187,,1,,1,1
0x0CAd70BF59581C57724458B24146b4373F501A50,,1,,1,
0x9C3De74FA4537D7641218F70c23c28e76Ed1D8FB,,1,,,
0x7152f4104d000dBCb04bfe5CCcF7d961d91656D4,,1,,,
0x218BDbE779e5964A7cDB7c3e8942287b501Df3B0,,1,,1,
0xF5094056Cb032795eC7Bb3Dde13B8c989317DCDc,,1,,,
0x2EC49ee972d7c99B4676fb8447f30B1C37B5AFDd,,1,,,
0x6D03123c6b8954452613A9f4849f385D666F8cf8,2,2,3,3,3
0xC69594a09B401e604a24a885C3AcEb5478B772C2,,1,,,
0x55C2F67F998Bdb18957Bd449190A28230409f1A2,2,3,3,3,3
0xe305256bB8F522809bd7E634828f91e8836d9982,1,1,1,1,1
0x61E1C419d68E6B7484ff05cd611b531fe35c0643,,1,,1,1
0xAEfA0c691C4ECa88D26f4fbe836851818d22d507,,1,1,1,1
0x600306C8d4dD990768A1BC125F882d8d2942C7C7,,1,,1,1
0x958Ea35817C7cfbb216174486800dFA8F3024BE7,,1,,1,1
0x1aBE69Ccaee643245882d42492b8cc9b9172233A,,1,,,
0x3A95702B6264ddE27ba8dAe75a97Ee36Af7f0DF9,,1,,1,
0xe1B969235839eb1626018F2e24999A4D0c87E1e5,,1,1,,
0x0F5B9Da782e91a83E062BFEF1cC9C8923900e08f,,1,,,
0x76529FDfC75e7EAe417B78A287b95a1524BC8942,,1,1,,
0x294593a0200DadD5e443e323aD9E70A1c03A6D4d,3,3,3,3,3
0xFA3a0FFaDE74fd3f07Eeb6eD40f09eaFa0079A5b,2,3,3,3,3
0x4736Bd4a8Cd90C560d601243E5945Bf485F29A07,,1,,,
0xB91B8d19086f2f4738188fD1f382909fc1475d43,2,2,2,2,2
0x1AFBf580e951741E298544063C646Ca6B5fc49d2,,1,1,,
0x8f30Cb8c6d7D52A6b312Ba31578B3E60fee876BA,,1,,,
0x237878f7DE21e5911524bdEe91e8D1eddD997b08,,1,,,1
0x392336fF4eaE59ec3096Bde30966c39b09AdB71C,,1,,1,
0xB3Ba256b59d5E5DBbb64578377c23AC862E67a14,,1,1,,
0x367Cd1530224013E9232F4c0f3D7F86d89bC58e7,1,1,2,2,2
0x24088FE555F2360bcf9F7E2B096E95ee1C728E2f,,1,1,,
0x213BbAc477e91b517acd7ADB4Ea02815624BA32a,,1,,1,
0xDc9086f44dEa86453D223C49A2ca65B7217a1743,,1,,,
0xDA0B01f417F55AB142975C2379E277ed7ba77606,2,1,2,2,2
0xe2aF2f5F73d2fE0E3389c5DC5D214ae45b58D375,,1,1,,
0x2A693cCbda744faf14ecb7C28bD811927BEA61A7,2,2,2,3,3
0x4C9FDf4bDB3dBE065c3a96202ee09a780184fA7d,2,1,2,2,2
0x5A9B0788f1Ee31287B8b41281b6c962de1923DA8,,,,,1
0x6DB845107Ca6c43a460A900047Cb5C8fCA1F7C9f,,1,1,1,1
0x62aE0650Cd9D7F1A9c9d77d57cb66eE076Ee589B,1,1,1,1,2
0x67b1E875343FDdBfA7815C2ae47FA5A023eD01b8,,1,,,
0xF7b5F9AB289987f0161B00003a9e7707ec14E20F,1,1,2,2,2
0x6ebbF7968E35B2Db5da6bc6bC99f9Db472b128f6,,1,,,1
0xE41c8c15cB91BA2F195c2A871343286CB3D83653,,1,,1,
0xf15Bd78ed99f862a57D52Ae2D94FaE06FAFe6605,,1,1,,
0xE123b7Df9A55073b6BB726d87a41Ee18375DED6E,,1,1,1,1
0xC7c0b3aEf960F4938096BbFc5a7e782eb0E37e57,1,1,,,
0xf3b4aDE14D14504dd2520A0107d04Cc3C0B8d4F3,,1,,,
0x21F3611861349b9e99D2385AbF381AB86FEB1b24,,1,,,
0xe0B8C5e49D384cA396E8471feb57A7d72e9F80c4,,1,,,1
0x5f27259BC878FEdA836678AF6D41D9E8B47B5497,,1,,,
0x84490c42930B6648Ef28851e6698a911904D8A04,,1,,1,1
0xF63F246752f4Faf5B320eaE4791AD4A23f3f6dfD,,1,,1,
0x739ba0465198fF7Ba88cd7A2C4684734243D7677,,1,,,
0xF0d42c2F1dab38906B3A70Bd050293Fb10aC603a,,1,,,
0xdE8cB3bD7A5C4A9b8bEDD13E6dD908aD9171e30B,,1,1,,
0xBf251cFEb5F17D4fe9790C68DF578423E4073F66,,1,,,
0xfd62cEC4E41F92caA9E9e07A723afF753e085110,,1,,,
0x45189a9Fc894cA245BB681CBd084C77887944800,,1,,1,
0xDe06B4bBefffAdBf39e97bf3d8450eA6853Eff73,,1,,,1
0x1c1a55d3d0c2cc79Aee7088898a353cA8Ab73c98,1,1,1,,
0x914f05834d7053f84a7A97b81e0ec5d0fe1C3Cf9,,1,,,
0x0cC8001C6aFE96859558e81580E9Ac6FBeBd9aF2,,1,,,
0x0a55C4A2cdFa4f3C486415bf1EA7dC24c472DDeA,1,1,,,
0xFECc129Cb601B754813936f238a7C56086982F4C,,1,,,
0x00928D0baC54E6A7171d26fE41A988b657E68eEc,,1,1,,
0x8FeE92a2c1a6B7ea67aD9580d9585ee1a362ACF4,1,1,1,1,1
0x09529A4D252Fb037d7A1AFb06409B4986Dc61106,2,2,2,2,2
0xfB2E7829F7FD16D48e74d4323c4540a79F51d20b,,1,,1,1
0xeB8CAAFcb2B61Dc354A3f311d5f3341Bc2993EC5,,1,,1,
0x1a5777dD00A3Bf8efB09fA73f1554508b55Abb38,,1,,,
0xdf880566A9f28dcc5A296E597E73718E24d1D8ea,,1,,1,
0x3bcdb996B99A24b086FFe56b7A5b72C8CD9e723a,,1,1,,
0x3db7995694E5aB0D867572fc7aE8d667269b2b64,1,1,,,
0xaad45aB75FD29CbA195b25c7575eff662E5e1620,,1,1,,1
0x7bFD477d2d9dBF2713477932385f4e0D495E0791,1,1,1,2,2
0x6F1124F5DfE0462287860cd8B2b592915eEa91f8,,1,,,1
0x5DBfd27472B7D9571133336DADC3Ee45cA322FE8,,1,,,
0x202e77Ad517b7dc1190a27a08582b572d5B7C3c1,,1,,,
0x027A8f16349C81C98A1b6F9017C360E782E1bE13,,1,,,1
0xEE69938CC8d77a6472B044305130E5CAcFE216f1,,1,,,
0x5C1917fcC5B8ECDaF8D25aD6E8BC910F8A09159C,,1,,1,
0xeaD35208F895520c3165E563730De8ccF664b992,,1,,,
0xF82Bfa4E8bDAEfeF41bf467d602D5c391885edf2,2,2,3,3,3
0x49E6e578F061B017c8F8c1B52903C5c6003fA945,5,5,5,5,5
0x8Fe27026057bC879A6Cb06eB042F6ec70EB3Ed8a,,1,,,1
0x71Fe2e63a112479b65D964Eb2a5F5Cd035029Ee8,2,2,2,2,2
0xa0d9665E163f498082Cd73048DA17e7d69Fd9224,,1,,,
0x9288323CB25A4536365745f1F4477E5921A47035,,1,,,1
0x0Bf4D041C7ab3e8c0C3Dd9c58D41E61702420436,,1,,,
0x023f5B749860964393ae1217BB5d9bB56fe5dF23,,1,,,
0x6B4f4A6461e4fEed9505AA77F571bE74057f61Cd,,1,,1,1
0x6f4dE9DB463F6Bcf0FBa0280304c1367835D42B3,,1,1,1,
0x68b717eF9C625814b05213429075d266fB394e14,,1,,,
0x6C71348bb9573146634809de7CCa73cDfcc5301c,,1,,1,1
0x4F1788B8E4cabFd2e8d7482909dc7A908f3baEf5,,1,,,
0x24E2471090D380f1193A39dE2EB8F843E55F4B55,,1,,,1
0xc13CE81feAb5FC3D0fc636E1D6C0405010381e5F,,1,1,1,1
0x0298Fe88E6fF7EEA54F04BA2Eae6Cf2621e9f083,,1,1,1,1
0x14e4af2433d5cfd34A1A7D457A36167AC6C1a37a,,1,1,1,1
0xAc502cFf7Af5245B94Dcb5547EF2B7Ac0D0780ff,7,7,8,8,8
0xC7DCA27f9d4c2192F564683Ae5Ce1Fb72d6dd1fF,,1,1,,
0x82a1D9ff7B66A912f268C5758f125886E9d0aF72,,1,,1,1
0x626d5D066474d447326219f14246e969D2a64a31,,1,1,1,
0xAEAfb0E2Be7B13fb0dF2BC5Fa1436d53020f17e7,,1,,,1
0x5B4F87CADC9625CB9B9cFf449324D204e799D19a,9,9,9,10,10
0x1c11a41bA7da714a29672a0933dAC0fb7452F3B3,,1,1,1,
0x6EAA340B1040DB919c7de40fD194710b234A53Ed,,1,1,,
0x45E9336a470E6CF77C262d19e4138DB7F423638A,,1,,,
0x0CA55b18861F6B7046ae18BA6e4a60bDB55e1d03,1,1,1,1,2
0xA28448F2dE908C262D2C5e767679706bAF4Ef5aF,,1,,,
0x809b6F624236fF79729Ce3365D746c8e12151533,5,5,5,6,6
0x0deD693cD6c52379360Cca52173A6829c8fd1c49,,,1,,
0x2741C7A3159F2a01a19F53Cff8972a7812CF6418,,,1,,
0xa551424f18c9B7536d64A48122fD58C619b7Ca2a,,1,1,1,1
0x270B48B2CCA700D36360545504f4352D711E3c23,,,1,,
0xEff0C21C422aC9E849D71C1db13867281b0BfbC5,,,1,,1
0xc77917A24166E64B69Bd2CD021dfFC487f85e164,,,1,,
0xa55f5BCfaCB3B9c6eaac3B3BD304d53d602B3B3B,,,1,1,
0x7A4ba43a82593cB64549737f6782FF04Dd352213,,1,1,1,
0x15a5695Ce570836725d1b3b604D2E6b50A46C593,,1,1,,
0x87a8ebf5A424c44667a69a952C58ed23f92804da,,,1,,
0x3dD5E0d01f0673f219fc43b3c8D436C1dC2A79E3,,,1,1,
0x4577FCF4D003E9Ce20959d721a64cfd2f96851Fb,,,1,,1
0x805c427dacae5F9730D5803A956339624904E9aC,,,1,,1
0x4A9fB03e6279b589781C1b1b59A196A52aB727a1,,,1,1,
0xA6A5cd02e5c9cC822ec2E6b11E5F5682E94c2d7e,4,4,4,5,5
0x42C254Ff702d9b3736A56b1ddb00603adEC4656B,,,1,,1
0xd313d2F73B971E21c425F7d56D5A8e8f6b10f425,2,2,2,2,3
0x5b8e324e04F589C94DD99137003cb8d364dE1b59,,1,1,1,1
0x82C14406a2E208307bCc48D2Cc82e68B09C2C5c4,,,1,,1
0xA33101425888b9109aAbe7f0cbD92E2EA8bd520F,,,1,1,
0x7dF71B83a50353dB0c18912c8b6A844e1DF55e2C,,,1,,
0x11ABDE661D7c0f13235876Fb7c7B8972B759C7E8,1,1,1,1,1
0x43794CF253B0D0c89dcFd2ED284751Ce1443af96,1,1,2,2,2
0x7fC9a3F2C75eCd8630Aa2427DEc9b81D51844874,,,1,,1
0x24bd872E11E48a2D5430506C845261d4FB1A860f,,,1,1,1
0x9ae9d9E82c88880c6C15EeeDE6E47F114EBF741C,,,1,1,1
0x3b2a70a7a6B641136f31E96Ab7A0662Ce8fF051a,2,2,2,3,3
0xD5D4F1d30c88FC336cA21590bFB645fC73AeE9Cd,2,2,2,2,2
0xaf469C4a0914938e6149CF621c54FB4b1EC0c202,1,1,1,1,1
0x5aE92B69725FaB29524ee91FF5127A7159BF9d95,1,1,1,1,1
0x1BABe34619caA02618a8Be08aBD9FbDfcc93B41c,,,1,1,1
0x5b1aBEFc70694AEA3edA25911E316434ec8ee8CF,,1,1,1,
0x3De36E31b47f0B6FCf3BCd4c9C08C601300b5419,,,1,,
0xbED262002F6A979F00ec6474f140Acf26B264268,1,1,2,2,2
0xc73004F98805209B9A0db9f455F360Cc082f2d19,,,1,,1
0x82E7b6D4De12d3AB104912F42c97de3055b5f014,,1,1,1,
0x52f87151b825B9355e96f22D1Db95eE99390DB15,,,1,,
0x44832a41Eed710a23B73b37b1c07654f951624A9,1,1,1,1,1
0xCB86E71fC75f08Cba566f624969c9210FD74Ddaf,,,1,1,1
0xfe0152d724b3DCfd3D111135950933c231b1d164,,1,1,,
0x6820d278e1Bf8F0eDD0F549fEE3cde7ac35D9480,14,14,14,14,14
0x7f6883DF40a024B3DC928895057fe14A47666ea6,,1,1,,1
0x415bB79E914790278D1C497d7156e372cbC56f32,,,1,,
0x72C958CD461A4132553DAF7C2b8648d9EE0cED22,2,3,3,3,3
0x042f6429a34286383B60F184Fa67273199d32911,,,1,,
0xedE67e9DcD28B467CC6AB54c539f4a429CdbdB0f,1,1,1,1,1
0x2094ad2cCBe741533f866e6ecc8ceF1d41aEe3f3,,,1,1,
0x840b459925527cc989d80e6fD1a82724B4a87811,,,1,,
0x4755D63F5b81BBBf72804F6F15B69F2920A24D82,1,1,1,1,
0x7b2c77e13a88081004D0474A29F03338b20F6259,,,1,1,
0x1BC542A7c34797eb526d7F6e36857053615014ac,,,1,1,1
0xb801feC80322ef5C67e11E89Bf81a4A97820c5EF,,,1,,1
0xb332B8025ED9f8Fc50b73a121dFDf4FF745903F7,,,1,,
0x6D7d5C12D617EF378e92748a4AbaEB169E661294,,1,1,1,
0x7dAAC88c492c641A0aC8D08420B6a7D78764615D,,,1,,
0x667d4e24AbE292F12E526675ff3B1a69Fa2e117A,,,1,,
0x18057463877204E0BEc8082AbdC192Bd717c311F,1,1,1,1,2
0xB56b7DE403Cad004B02f67474043E7972049E3E1,2,2,2,2,2
0xd03Ada47DD63E8fC4487183f3F69DD3Fe99C95B7,1,1,1,2,2
0xd0AC2cD3F50B3b7b48A6E4fDA1dFea9A26085605,,,1,,
0x9ad3c05B3FAA93575e4F91F1B1eDff7B337d528F,1,1,1,1,1
0x08ba521ec4f8D934FE53749e275F2788f53b6cE5,,,1,,
0x3AaB05D99DD201E3F63F0d33bfE76dc724c91A45,,,1,1,
0x9aCa3A22c89591Dce5672075197d7B1337fdd00c,,,1,,1
0xA5127797B345bEaaA8022CCbfA53CEC826e0728D,,1,1,,
0xA0cc04B4356B7b8db816030E8bf1977bBd75ECFD,,,1,1,1
0x380B0dCf99495f7f1eCD950F822ed45B7E4DB7DF,,1,1,,
0xfDc6b05e0Ba7b27D80A6265Bd8c7305384148Abe,1,1,1,1,2
0x350f7dFfb89b1Fa9C1d383f2e63aa043ff4bc8eA,,,1,,1
0x8AfC7fD1C734a8BBCf74993D26816aC86EC37faf,,,1,,
0x5Ef544348454139EC3B5Edc21124caff09753E57,,1,1,1,
0x2a52fE40625b358475c95F4Dc9eB1920c64e3f38,1,,1,1,
0x68265954216e4e55c1b00bEE93DA3467CAEFbf35,1,1,1,1,1
0x5947289aFE935715D88f829bDcbDeDe3bb293A5C,,,1,,
0x95b9b364fEc724A26B38d940D4c4862516EC0B3c,,,1,1,
0x7c1348c2df1B801A756e23693eE5e619e4d4a709,,1,1,1,
0x5cABF9593dC0d2b837a885e37428390165f086A3,,1,1,1,1
0x5438f01ebBa17c7ee279aF990d0a8a02267833E4,1,1,2,2,2
0x7D112B3216455499f848ad9371df0667a0d87Eb6,1,2,2,2,2
0x7d378ED22143F32FC86D0ACc463eB0adC29143D2,,,1,1,
0x22779E8d3Fe7431a77abB2f78d1369bBd1aAc163,,,1,,
0x4C7f1585aC742b384939f7f662BAd9D4c86A398d,3,3,3,3,2
0x70448fa6Dd61fb3f94B806d5dEF4E5E8DBeF7ADA,,,1,1,1
0x014d605d58FCa24dA051EB81dFCa3954aE585CD0,,,1,1,
0x520f61ebDCDBA049E52e0Ad7026F21922F4F55CE,,,1,,
0xc7EEF461c06fCEb8aE1Ca151e3B2165703f81eDE,,1,1,,
0x3674840e64A5B2176052d9F65A9AC7e8dBF7bD5F,3,2,3,3,3
0xeb4B912f9384B922f5190098F372FDC4CfeC7ee8,,,1,1,1
0x23d6fd340E9A432fefB90B10AEBA9907BC286aba,,1,1,,
0x736075313fB2A6F4E92bA8C51AdA438114d597FC,,1,1,1,1
0x5eD5209DdFfDF85B0173552e0c63c160057f6E68,8,8,8,8,8
0x9997E502d002506541Dd05264d717d0D6aFbB673,,,1,1,1
0xEfEE7fD9aF43945E7b7D9655592600A6a63eFf0D,,,1,,
0x591A13A752A65a3107EBDE51a3d7d6816CA8a5Bb,,,1,,1
0x4809348cc0B716F73524F219b8cfbF166FfDA3Aa,,1,1,1,
0x3e7AECaffA15B61E81E15702528602836085D535,,,1,,
0x0C0a49AD7Ba8423ECF669B9bF4e74785F552c30a,5,5,5,5,5
0x12CcD148c73D752f1bD3E9bDfD06E66Ce9080e90,,,1,,1
0x367fC2e96447B51a456767755316E23d3B273906,,,1,,
0x79b8F26De4799a50f3aEDf35d76a7692c806E4C0,,,1,,
0x65DCF7782260Aa1d6642a85f36c0Bc9545182F1e,,,1,,
0x850B651Bd1Daa2a60437dca5863b339D15A6564D,2,2,2,3,3
0xdc295e925e84e155e860bCA1D36a68b88A604642,,,1,,1
0x1909Bf0Fae17C30b6ccC1177b94430976702a51d,,,1,1,
0xA1B6E81F4204715b9F31BA509134937E87D04C97,,,1,,
0xe974389933206d2f27BA174b7aAFa93654dBA6C0,,1,1,,
0x10C98e30e1C6a36bcF962E55D7c2b53CF7197835,1,1,2,2,2
0x51bf7C8c7fFf8104602e8301f1a8F2eEB9252c9d,,,1,1,1
0xB2b2a054Fa6033f273a5401161aE1EBfEA9F347B,5,5,5,5,5
0x036d78c5e87E0aA07Bf61815d1efFe10C9FD5275,,,1,,
0x4a7D95f7A7ed31494E0d872E20414B9Dc7af16c6,,1,1,1,1
0x3Da2Eaa605091F0BaBfeAD5bE60a033F9191755E,,1,1,1,1
0x99202db3B01baF14bF01FD847a9dd485EE116A26,,1,1,1,1
0x52029325Ab640c933e86FeA95002C1b9A774A6b5,1,1,1,1,2
0x6beEF2B2fE00FDDCa12A8CDA2D4B00435b0ba3b6,1,1,1,1,2
0xC285B65159203A3350F9B8Ae51029674b5FF9E59,,,1,1,
0xB3ffD0f321AbDE1740F6E13BE273348BAAd24291,2,2,2,2,2
0xD8E10E7CA46d7738929DfdeB2aAF59837B3ccC8b,1,1,1,2,2
0x1B8F066732C788FbDB77CAC81E5681dDCCbc4D9b,,,1,,
0x8b3f4eb783270aefAAc9238ac1d165A433C8FbF3,,,1,,1
0xAc832857aCE7BBE40D94987c76F985f8D6Fa0038,1,1,1,1,1
0x879B8688a0f3e262295226304d9c51116Dd11DBd,2,1,2,2,2
0x20f99c03945A636B19eD500408ed1E9BD6a8D7c8,,,1,,1
0x72409A69B5B9184E66E3c3c70e316aE37884a0f8,,,1,,
0xf6270D293478b03A1314f6b850a59A27948DeE2e,,,1,,
0x591F8a2deCC1c86cce0c7Bea22Fa921c2c72fb95,2,2,3,3,3
0x172A34a0e15108E39Af5fD841e9D615dA4f64D13,,,1,,1
0x81E5774DDAFaBbc4EC62301b534591364f7Fa8B6,,,1,1,
0x01FFA88B743d70f480335700Ed64475A60431ADC,1,,1,,
0x1572Fd3245DbF8a95979B22ba85D0e68F7783234,,1,1,,
0x01117E94f863AcafB8F0Db5C05F5Cb58a20E16A8,,,1,,1
0x113607267004cc98502E06A3c3abd48f5c5Fe645,,,1,1,
0x9C6333D875C68BDb393744889a285D4E1250058C,13,13,14,14,14
0x7Dc16372274a47E3062634420D55D20985014b12,,,1,1,1
0xfBBA2a17D5496CB723997C5f96CD623de2EFC7D5,2,2,2,2,2
0x5bBCb119050efdb8480ba0F58f3454868Aea65Ec,,,1,1,1
0xC43327b13ec860d8303e02CDC891b064BB5B7c4e,,,1,1,
0xd6D120304dfc819c846274aDb236FB9eCa9704fD,,1,1,1,1
0xDe8028342bb62811B05e88722B71EE28A8b1b907,,,1,1,1
0x828C6d7051f0a1d91C3e5d3fC995E0f81b5856Ec,,,1,,
0x3BEEdbdA84AE3dE522A3301f84b92c661acDfdd9,,,1,,1
0x896EFB6d8255C5D9380a5B4D095bc80C9CdC8Db5,,,1,1,
0x1166a98e3Fa9FBcD4126780EB33857791B3534D6,,,1,,1
0x8dFEdD8Cba1BfEed7f81acF45D5560d86Dd4721B,,1,1,,
0x51D958F7c3d8d2d1006f4B402e5CD7B74Bae66d6,,1,1,,
0x39084c8d699BDD6C4f74e4Ee18dE7FA7d6DD9A6a,,,1,,
0x2ea4815F47D685eD317e8bd243b89bCb26b369Fa,1,1,2,2,2
0x67a43E1c4860844b8C1DF61fcC4574717Fd18084,2,3,3,3,3
0x0cFbCc70FDB7b963CD15D4B36EE0985E9E241168,,,1,,
0x4A4E571E3B6485B4Fe97DC8Ec03F3b164834c250,,,1,1,1
0xC4353D75a7c2c1485787e5875760109c62ad22F5,,,1,1,1
0xf045063CC4F034f8d998ef776Efa8dD0F172bF4b,,,1,,
0xf11A47EAE4207eca111d451E24b762aEfcB1Bc18,,,1,,
0xa02F718FAa38e269E67c76909C04b8D3819e7ABA,,,1,,
0xEbC4010Fa51fD6599A0665e7A9f76fDb90BEBF08,,1,1,1,
0x325BbBf40CFa5d1A988291fD9a61676AD3Ce9034,,,1,,
0xfDBD731e3533849f58BF38956e0D3937674f239a,,,1,,
0xBa20A007b5e8B39C9697Cf60C46595Aa9D4EE7Cf,,,1,,1
0xC45492cb3C735C2E0aCc6443E7e6cfbbB51A68f0,,,1,,
0xD715166cCD8109447173f7482Ca4d58491596A59,,,1,,
0x48D23224D4C722ABd693Fb233Fc001F0e2CD79eA,,,1,1,1
0x2A78Ca8394a27d95bcb903692c262Ec26D2310AC,,,1,1,
0x5E77391Ec27Bf90649532Ab26E63c104A9E36D14,,1,1,,
0x84803f61e74342d01b69DB7F9be960297cFf479C,,,1,,
0x5aFD265bef05dbA6bd0d8d64993189476927339c,,,1,1,1
0x98A529e3488c2d44566881FEAB335B17B1c3b430,1,2,2,2,2
0xB811dc71aF7d9242A161D43318A5CA685f56F680,5,5,5,6,6
0x72FEf1ABCEd43b44e2C838f68b785fc7028FB2C0,,,1,,
0x6e02703F2E76D83fb877899CaD067e9ad08CFd3d,,,1,,1
0x8496fd437B3CDc30318a96E57c5C335F8844234C,,,1,,
0x9BF1557a6Fac877775C5FD2F4bF32fAf4C0D68f2,,,1,,1
0xA915494B15860916355a43A63073C0C4Cf4b904c,,,1,1,1
0xA574849AD6635d35C0261537AD1e5894f9e08bEF,,1,1,,
0xbfd212edE7d1a83c95eEc42ce1a26244b9Bff113,,1,1,,
0xbfc9ca1c434ab19E5F75ACd2d603dc0621ef64E2,,,1,1,
0x0A574d283983F90A2E8C618b50a73010CCFd70cd,1,1,1,1,1
0xad1e365152589d3501340Af5c004bfa1EF0d724a,,,1,1,
0x6F69F79cEA418024b9E0acfD18bD8DE26f9BBE39,,1,1,1,1
0xAfd171459Cbd20896F3568758e18485528413541,,,1,,
0x9c2e9e3C781e27323F17Fd5E833f83ecCC12eA5C,,,1,,
0xE6bc906A68d1896e901Fd495EcD40F08D697f2bc,5,5,5,6,6
0x817e9Dc0bFE88c5478c13359Cc82A56Ce64c1C48,1,1,1,1,1
0xba449117818563a65Bc65019138c553eb87F1474,2,2,2,3,3
0xccbfB8e76153b8FEA7EB7BBD66f1AAaAE314D65F,2,3,3,3,3
0xb609cadc5C97B5d4f00311aDaBE351abFE6BCC38,,,1,,
0x6EB6FB4D7319EdeC0e6ED304F89ddFc20f8b8B29,,,1,,
0x2C3f500d7B743EaE6a41831184fF1CaAE951EA12,1,1,1,1,1
0xF631B355F55211b54bF299C91BDe93bd027c209f,,,1,1,1
0x18895c4aF46E0775E34788a6b5dA76933f5A085d,1,1,1,1,2
0x8924ac1196E2ae89603925B6e001Dd14E3f7fDFf,5,5,5,5,6
0x085f66D0764c632cE8c1f2a41531909BEF106C75,,,1,,
0x0f1e942A621BAe7Aca8d73CbA6aF6C2bd608F4d6,,,1,,1
0xAe972aF0152BebD8d66F56BfDC6B37E286130AF0,2,2,1,,2
0xC5B4A8683A79331F9cc975351a1f014b3EDe5DDb,1,1,1,,1
0xD78cE583e4A17b0E889797C7193846937b627F5C,2,2,3,,3
0xCf95fbe72cAb6E0606D9Bd2Ce44968E46441e9db,,,1,,
0x9Bc910f14B0EE83689B9F49337B1dfD2962dBB94,,1,1,,1
0xf087a6923c27919A5A47A4978002E9bC30bB5007,3,3,3,,3
0xc436f42d9F05cef2F13cbAdb34E3f90768eCf8d7,2,1,1,,2
0x8D065b82f2B9A0B4De2C7FCd55bf5a7B608F88dA,2,2,2,,2
0xFc0Fbf4120BDEAc15aa5027fc40996901C7175AD,,,1,,
0x8D978BF42F16ccD148291CEF858eb9BA466156E3,2,2,2,,2
0x0Ce390F18Af702Cca546297845a4A51D102123cf,,,1,,
0x929dC783b613E6ccd80BA4a4FFD3289cfF82866A,,,1,,1
0xAAB8991D79Ac4bF57b23B6D28CAA75F0Ee97FF35,,,1,,1
0x46df778F748eBc009979B65F71900ff49E53Fb9b,1,2,1,,
0x13A3a2a6124beAA4a03Cda8A917577a0FfFf1a35,4,3,3,3,4
0x43b27614C91AC838D9E1b1353A8a9B561A1d7548,,,1,,
0x470a60AEAa45753910E4139076B3aff9D0ecd5BB,,,1,,
0x908da5920C7d54F72350F9fDD7361Ee17144Ea9D,,,1,,
0x8D38a6a591e9F3903C5183fE36b294D10d760f92,,,1,,
0x67C188C9619Eec8c2964906502540d8Ddb447790,,,1,,1
0xba34A41E7AFC5162330c7a6298A43b3fD940Fee9,,,1,,
0xe54CF30A3F31f3076e9Ab5bd122379545a137B4c,1,1,1,,
0xF568E8bc1A1075Ab6229e895d9a95E9a5Fa87842,,1,1,,1
0x40add807C8a193a5AF7aDbC356F148340b325e8C,,,1,,
0x55D35116e5dDfC16D89f552984274ec377539f3c,,1,1,,1
0xA2eCAda0b45ad16625865843c9Fc5e7c985A2E42,1,1,1,,
0xF6DDa7fcbC69D29a2b161E00c9Ca3Bf1Cf420917,,1,1,,
0x4b1BCBf31A36D5942730534454FDB9055766d2E1,,,1,,
0xa396ec9061c85A54a6DaCeB3723803567c0B92eE,,,1,,
0x52e8d9B5eA184aCFc154c433B36384233BDa5e9a,1,,1,,
0x2c9bAdA65fbB636FE4DbAf9696862D32b19e4d7f,,,1,,
0x840b7Cf90f7fAB3893ddC1E030600dfF134fE794,,1,1,,
0x34912eFC0ef9d0b44acFd38c55aF69d6A031E72d,,,1,,
0xbDe52C47D03999B474ed643EC882d1Eb36Cd559D,,1,1,,1
0xD2D437D473dFcB58F63D88566190e7cbC27492B7,,,1,,
0xFdc82c10b7feC382135837Ac3E586a514b89fDb0,,,1,,
0x2450Cc7796aD1B7c42Ccfb3F62985dcfb97919fD,,,1,,
0x4bc459f9E03141F05E7b2732ad6fAfa273D54018,3,2,2,2,3
0xfB631e9cA881bd9cbd717B1D211a420Dc32e3352,,,1,,
0xFb3c45CfE81b824c69519DC617EDd53491625112,,,1,,
0xFA13A3c6Cf759E00f726991eB6DfE4E5E3a09d6F,,,1,,
0x57794E0563DBcb56dEAA60980D796a39655D4b5d,,,1,,1
0x7aa08b8e24CEf6EA2218EaDc859fbE0C38199A07,,,,,1
0xDD27C842D415DA1ea952524745B98251b00E0fb9,,,,,1
0xDC5556Ff5F67B71BF4b9Ca04cE953a54663913E6,1,1,,,1
0x4f1b03F1978722315aC0f273fB2134DD370F6C54,,,,,1
0x989A00150F5eB51ED7BbD2D47fF1281f46974C54,,,,,1
0x3c7eF4Ec9248D9DF485fC44348d6FC0Fe77dC959,,,,,1
0xE4f1CeE47Ac56f9134A24AcE3E121AcE964eCAf7,,,,,1
0x060EBA2c037ed4f47C2addA959b7b00Ec7Bd5A12,,,,,1
0xEfc0d23cB9F9832Ba12C33d0A009D63F3cbe9A0b,,,,,1
0xdd3687B0D37949F2a61Cd7Db1C1a1C3Fb0Df2F3F,1,1,2,1,2
0x4911dd5584d9080C1aCc09332eDDa97A6a40e6FA,,,1,,
0x243C9Dc0f20e617326ab5aE34adEC887324af05e,,,1,,
0x3782a7d0b9275D605D29A6B783f654Fa456FaFDF,,,1,,
0xe4462f66728Dd587F5bF1E2189701e580541Ea12,,,1,,
0x99E2602996CeE0577F81Da2e177b9927F97d45cC,,,1,,
0x2c1fA9B7a343D7308B95Bc8c8822DC4c83dE4525,1,1,1,1,2
0x909CbEEBD303e06bDB62B92f85BbD5084415B60C,,,1,,
0x6D7D2ca6aed544134C01ABFC497D855860dd9320,,,1,,
0x4523f46Eb20A65858347218aad03A8593807E618,,,1,,
0x895D4CEE80523f8e52777d5fb87B2297495d41e3,,,1,,
0xcFdAE93Be043e6C358ef4861008FB09c922b3AF2,1,1,1,1,2
0x1Db8D0A30daB8A97C963E199526c9003adB353B4,,,1,,
0xA3AAe10bCE74e51c35C3025c6248BCbCeb984EF0,,,1,,1
0x2a6E5fF1fA13CBE51f80239b258218013c55791e,,,1,,1
0xe1EcF8EF96A4A01E1cB713321564530DC3165A8C,,1,1,,
0x0DaA25d92D06956f11b35c2c06CE100fb9b27239,,,1,,
0x6d93EFEA41d9bA5EE157dA4A08649C71d4638936,,,1,,
0x03C402Bde83Ba3c17E369240F74f49E9839ABD57,,,1,,
0x617e25c26313Ea8a3d45eF8857217377166b4957,,,1,,
0x080e2ECf8F07252351301C8A1DA420Ed41969Fa4,1,1,1,,1
0x67C7690F69bA5668eED4642749a59E738d7CAE4B,,,1,,1
0x933707B556a6d32177dB68600cD6f0e704B53FC1,,,1,,1
0xd305e2843337d7da09D5f19D8C0b86Bb0A1064B5,,,1,,
0x4953df69b0e0E70d6BBc96DA0A429FC4009Dd881,,1,1,,
0xCEe0c9022120a24C720516247C8118C7Be175aE8,,,1,,
0x34Cf7Ac942A815DDEDdF1319ce91dEa69Af46dCb,1,1,1,,
0xde7E0a324d3a08f8AB786758971aA8F62A1c486E,,1,1,,
0x04c1c15a1554891fb2dD7C4939e7d95d06eE253F,1,2,2,1,2
0xD087D0Dc02f3E3EcFe0e27CEc4C28896214Db16B,,,1,,
0xBa2D30effB414B471938aB6Bdf3241ae14EA42a9,1,1,1,,1
0x1DCB0E412207Aa84F5fBEB4E90E3e4969c2F0BaB,,1,1,,1
0x63C8E08E4A89A046Fd7d61AfF3c1fE0F0D72A8E5,,,1,,
0xf3d9f48F0a872438f0190c3B8D84D1539c6C1883,,1,1,,
0xccC4e8Ad313dF8150211B1b934725345924ab81D,1,,1,,
0x51beA83259Ee88F0A933FE12Ca23142823c1510f,,,1,,
0x27Eb78C1Eade6fc040d25b94E7acf6BBe0689F0A,,,1,,
0xC42c739802ccb8c00E82F3b0e1825B9B62A0407d,1,,1,,
0x7ecfcA59ED99F135Fb8a41501514f807B1f00655,,1,1,,1
0xF9b8ad045c192bb317D1D1980a5A9c1B13858899,,,1,,1
0x2d51caB9CE3dBACDA14aa65C5236D73b583bd156,1,2,2,1,2
0x323d7708ac4E841362bC22EbD5d2345e124985aA,,,,,1
0x6816200a59ABb264F3f0f48E52f2fD9e7842018C,,,,,1
0x40bc16B1303dbE105209df8F081AeCD39A381E5a,,,,,1
0x9814fc9368BA5242d558642E0daC716a75757b99,,,,,1
0x945501737C6060B5e4237b3c2D7e863be3038A81,,,,,1
0x7608403ba9979258eFC3a68D51c44f9904cadecA,,,1,,1
0x40E4D03F8fF764B7857D0Da4181F0f31a7130C34,,,,,1
0xF050149a8577f7f3C832D1a77D0516C832b21c43,,,,,1
0xDe0eE6eE0119Fa7d7D72b3e2BF67c4e3e92C08Dd,,,,,1
0x90855f01FB7fe8a2b02548F925EFE81D95354492,,,,,1
0xA0E3387Ca51f6a5877F52Fe2FC70aDfaD15d6B63,,,,,1
0x24C3268f8e42c961074A88473Ff07d87040f3fb1,,,,,1
0x85148930B43C7bAc5E686cE76aF6EB81B07F0718,,1,,,1
0xbD19B6e7A08b155DB9BB0ADd86783afAADF085Ca,,,,,1
0xE3Fd978c0454c3A5DBe7e6bEdDf02D38B1ce9Db9,,1,,,1
0xBAF0F7C20C2d5bDb78673e012f402dd6B0f13638,1,,1,,1
0x525c5192F1D3a398fb7b0dE5B2840F63a70f3eE2,1,,1,,
0x812D0401CC41cEEFe38F3e1221994DcDEd8f6064,,1,1,,
0x5a934DD1967C9BB3a6Ff5A329de373A9dB920607,1,1,1,1,1
0xfB768d2E81AcD0F88546f5A4eE1EfB38f0e77d25,,,1,,1
0x3193A1c60E92e96E181020B5BE812879e4b4f189,1,1,1,1,
0xCe05a5B74EE63e60120C7E239EC9de936e9EC379,,,1,,
0x00167777e0daF9dc2D3A76195ab56E857ec67aB2,,,1,1,1
0xBB9E77D175ed553312f90792A3ae8FD9f8FFa0Ce,,,1,,
0xeFE73aC824bE0e66882e0FEeFE3cc98d285723e3,,,1,,
0x534d7aa9A591206FA42Ec936B67a9166cDB29Bba,,,1,,1
0x1B308D853934Cf605D4d52701Adc4bEC7587A039,1,1,1,,1
0x24803CCcFe35207cC07aFBCF5f5B041b03810D44,,1,1,,1
0xA3c538193087F7A0b97331D81592b56BfAB28578,,,,,1
0xE98A397AAa9EFCb8dCCeCA4cb5cF7DfB7Cd13751,,,,,1
0x4Ad7a683208AAE98B206f3117aFb7b4e0BCB0CCF,,1,,,1
0x277242f7ce8E88881e9f7d3032Ffa539b0588A6B,,,,,1
0x83521D8b5FB3Bc81E09B7271D4B58D7D57EcF3b6,,,,,1
0x27696f2244EA9E5cadE0Ef96fddDdAa0fb3a99fA,2,2,2,1,2
0x7dEf8f1c4Dd7579e3Ba6A8A59a1E7fB4f467ac43,,,1,,
0xbEfEEAb1C9F29C7a63696a718986E5381E1436d4,,,1,,
0xB5705E816dea26539Aab3A34CDa6f4e61377f696,,,1,,1
0x5c1E426AD2DFEa720DF76D7Af2F0645c580295bd,1,1,1,,
0x63E47A1b085CeC5E0926F087F891972C8A8495b1,,,1,,
0x2331E95E1059Dd589c2d1F1a0b7A6c1755cd4750,1,2,1,,1
0xEB24eB6bEeE34dAE0748bB9E2442d6C96aDDD978,,,1,,
0x7Cf3d9Ca9136F95C60c7428D5b23D18549c57DC4,,,1,,1
0xFb5B4330Fa3F5441a84a7Fafc2e5DBe88b92eECE,,1,1,,
0xf609CA57f4C3d8f3adFc922EaFb40d7baD302526,,,1,,
0x73D33D1fA669B623fd2961179223f19c5c394D36,1,,1,,
0x5d4F95ceB7A6d57e742f7018aDa8Ac7705f7a9EA,3,3,3,2,3
0xF6a7fFC868752b16E6a869ccA757D41357F75442,,,1,,1
0xa819C50d511187CE0f6Aa352427586D6d0c187F7,,1,1,,
0xbb55EBE9a672EE9E93491c40124C530241910554,1,1,1,,
0xFf3938d59b37B9Bab0D647e5a915E052892B21B7,,1,1,,
0xfaa701a300d627942733Cc0B1e60BCF490cF25b1,,,1,,1
0x6C97aD938E7893bC212959CE3E3aCa630f23AA08,,,1,,
0xF6AceC99bf2C28e302487f9F0B1a7148f9B6c9eD,,,1,,1
0x7a9d1C72994A957772cb93F2a8e9Ea6C12e72687,,,1,,
0x4a51A16B8de891fC3696574E2FEfaF22f6987AAf,,1,1,,1
0x12e140a67a661E2f73e699D5864Ba5Cb20DB4bF3,1,1,1,1,1
0xFC990A77692A54F1ca977b13f7381bC9A5a36975,,1,1,,1
0xbd1630E2104f48Ab03D10d281f45503e28a6E098,,,1,,
0xf8d7caEb035cf814D8b4c9Df52e49bb9F64395Cf,,,1,,
0x6D0A9d68358A7bD324bee52c8Aa1F241204Ac597,,1,1,,
0x0526eCA4FC2F1d3884bF4f053623D75Bf9a4E6a0,,,1,,
0x30785Ba44552cec7fe1E2b7667AFB998d75D209a,,,1,,
0xE4Bdfd2578205a89DE369912046c8E2Dc0B03099,1,1,1,,
0xF98dD7e0d41586ab71F843df3F29723ADa890727,,,1,,
0xEe956511A3819339b22314aE18F95bb75c3d7160,,,1,,
0x5992d878d4F275B644F75c89D84C6DFbdE7F4b48,,,1,,
0x4f25234f058778dBd8ECb49e12b88D774089D2B7,,1,1,,
0x1963863a1fa9bCaC6695c04D67bF22d214Ec058C,,,1,,
0x59c16321287dfF7AF8505fb4D2b9640faAd37745,,1,1,,1
0x1887d28b257ee075aA3e77a257fe5CA02bDc4670,,,,,1
0x6f0290eEe760B6e025ff1546ec1154546c71C203,,,,,1
0x7575c9235672f814F7CD780435045e1067B0a31d,,,,,1
0x2bC99F6C868b14Ea6BdE976CE5310F6115DD1382,,,,,1
0x0010b37d7d544ea19a0B7e981d8Ba2e01088668E,,,,,1
0xee76A05476c7B46CbA209f1AD746B383F90e0f08,1,1,,,1
0x9499054d02A725316d61fA896c29D58550ee4a5b,,,,,1
0x307432DECf73E4f9f9074FFA8DC04b14A6F73410,,,,,1
0x1744eea98bFe69758437c1A941A1c71F8EEFDCd9,,1,,,1
0x1c82DD1ca357BF70Fba4C4807BE894D126AEA6Bb,,,,,1
0xf99f2DF8fB2b8B873cFbD316296bA82ff55E03db,,,1,,1
0x83a73c52ca9472BB393767C80FD3de6334FA5489,,,1,,1
0x477b6F91c9481fC64E9080ffD00527CD53563dD6,,1,1,,
0x18C6A47AcA1c6a237e53eD2fc3a8fB392c97169b,,,1,,
0x60acF8D95fd365122e56F414b2C13D9dc7742Ad7,,,1,,
0x5a1402C9a6fd76B052EFdAd4eaf008E5BAB4Ff20,,,1,,
0x1F037583B48Bf2Eb47D9829AFE3e26E00D44f0df,1,1,1,,1
0xb85F46A2a0Cf8F73CeA8ac8542f04B74C04EF969,,,1,,
0xCD38B6d9c4b12654aD06Aae2842a0FC3D861188b,2,2,2,2,3
0x49317b33A82fb576fBA1462364d02569e766e33a,,,1,,
0xEaBdF7D6ADaB860A0fC332352c83EcaBD304D176,,,1,,1
0x3E9a67515Ed44498D679b8782c198C09a6ec364D,,,1,,
0x3C84f3794D4520340398d4E26AC3048185430A79,,,1,1,1
0x8457513abdf710E69F0fb357d82Cacf048296f61,,,1,,
0x582Dde99edE7F224E864ff5D70360BF3a2ea6DD3,,1,1,,
0x3359CaF7070784ccE146985E0fd4f54008C888FE,,,1,,
0xCc4eE15F8E2cF21768802b35156E9F14070183C9,,1,1,,
0xaCc993013812e5524102474Ba78f3a278c6d2eFc,,,1,,
0x22B53f2201c95577CF02886E0802e3eC703d02B9,,,1,,
0x04f87ea305f3590824293B588E1c7a4D8f0bba8d,,1,1,,1
0xe67671f2F3799B8395a1a2195ec6f1402278c757,,,1,,
0x86d0531d1DBd38D73BB672b0b5A8808cB0C3c946,1,,1,,
0xBb372b06AaeeF2a869D4519c92658a2a6A493c07,1,1,1,1,2
0xDf5Fee8CA398DeEFf5d81EC6D69B4329E840E7cb,,,1,,
0xEa950d7688E3659Bb8a345c0c3efF94F1d9B5722,,,1,,
0x727306977878d02077F0989a89BAc4aa6cA3F863,,,1,,1
0xEd0681B6C0ff0F71edF37897Cbb89B2273C6d416,,1,1,,1
0xAFD720765de03c117870788CC7D2abE309819976,,,1,,
0x1502589518ef7030FF2335BCA82c4e48BcBdbd14,,,1,,
0xe5a81738DCB83CBC73440F331659F362294Bb7f1,,,1,,
0x9795A9Baac2f17E7c7F11686Bc6bC2afc3D84612,,1,1,,1
0x5AdF6aae21988a5cc833997851710Ab1cA54fe59,1,2,1,1,1
0x91d00b76fb2633B811C69A56c062268e58bab1E1,,,1,,1
0xD809f431058826999B2b8A30eF328ADB3B172c3f,,1,1,,
0x80B389D7f56915F496A1B88E38F19a65516CF49d,1,1,1,,
0xC825baF5a4c8C02B28eD9118dC0381A5f9ED0EfC,,,1,,
0x6C0636CD05639467D041a08f44F8bF48a1fff1B1,,,,1,
0x495C6a69C3a9f4CD2B458eFF9d921FE7c6224363,,,,1,
0x02897Fa4eD620ABD72481e815fCe6549489a6402,,,,1,
0xfd623D18Fd80b7E79fAb5dF1DA305aEBbE2e8165,,,,1,
0x57660E66411960230118539aA4518B21d0dA700c,,1,1,1,1
0x4fF4E357acBf576CD2A0A268290c482fb4335E3b,,,,1,
0x721784d137Ed298dFf03A4B0A074Ab397fBfF833,2,1,2,1,2
0x2C2ADD1C863551A0644876be227604C8E458dD7e,,,,1,
0x96efB884224B41B09Cfd6F4a06F9E35E59DD69b4,,,,1,
0x47800131d1b919ebdaA10d6256db9cD18Bc8e4eD,,,,1,
0x77Bab4Ac4384B316813C0CF6Ae9C51c235c900B3,,1,1,1,1
0x6559128A83B9C93281A53038B8810DB349D61527,,,,1,
0x8928b26dE9eCc59cacdbA095C6Ed6237F48DdbD2,,,,1,
0xA3d426A3e81862c0E3f8F402Bf7406bf8a95d5c4,,,,1,
0x89d3EA225C3447057a0c165D1225427A323B585E,,,,1,
0x1b10ABc5e0A96A811FFF2570B03Eac339cbfdEB4,,,,1,
0xd5b4b6Fd9C4a618FDF13A4f33F52926f033A20D0,,,,1,
0x180F1171F8737Be7e6356609F355CF2B594b514f,,,,1,
0x84064D4F59353627be67bd28C27eD45517d64d2E,,,,1,
0x57dcE105163Ea59a317c0a408540455e6e001B55,1,1,,1,
0xc4b0484172Ff62A7b40f5737e59618f833077B3d,,,,1,
0xb50352167B2b961654159fEbC4736b779C9b9412,,,1,1,1
0xDf8eEf2a68775db7FB3179e243231e06d7d75113,1,,,,
0x4f92A9bf8f6269f789c947164297BDfcaBC1ED20,1,,,,
0x2d85D81069F4E0A33eA4123922fe3Ad732C09C90,1,,,,
0xe621009f867d161c52540491c892d4b5595b8F5b,1,,,,
0x4f5caA05C9Fc9346f24b33Cf1c35025a694a383c,1,,,,
0xf4A8b052AFbd2584d0a12c1711887EF8b2f4B44A,1,,,,
0x1770Cf67c26673562F33DDDD8AF57477Ab1E14c2,1,,,,
0x540d8e2b4b9AfD9F00A5aC5EB807eBB2d0CEBEc5,1,1,,1,1
0x44B3b7C9d648d958f6e7D63e7ed6C8d8f5923761,,,,1,
0x601E7f8e1EbC17057684e72714afd978a4cec5E1,1,1,,,
0x3665e13eC88D60a490eb8B34aCab4A52D46EC8c2,,,,1,
0xeF437718C99cF8315161fAc167e0230672341779,,1,1,1,
0xb5929d83a3C8002d77836470baBDF0a097eBB05b,,,,1,
0xab641b9915D235cDA5d3949dc85D37a85cF1B14c,,,,1,
0x8353583c5D5CC8E50eFE7548e8dCC18D0Bad140a,,,1,1,
0x2328942b31a0ffD16F05dD18076Af7628D844500,1,1,1,1,
0x41b888be6e9dCCF4316dF7454176F75b72F640dE,,,,1,1
0x93084E156998Dd36c17b6C81de41388a4FC0a8E9,1,,,,1
0xFb974A2e5fC641B0E2Dae14fBB29a8d4E0C034c5,1,,,,
0x87CE12F6586CAd75418277bf90d95A8662c2C043,1,,,,
0xbC4b67fCd742fb60cAde421aBe374d9889850f7b,1,,,,
0x388bfF373C95AAb016fC1b4887B9aCfE333f53ED,1,,,,
0x729df05C357c668394CC3756154ab7c25B62e979,1,,,,
0x4208079A360179BabBC7bd450bb86AaC318E3407,,,,1,
0xED2f402d5a4AC5b0A3fc14AC6d37F8c340410374,,,1,1,
0xaf031Ae4BF004eeB85B7504133D886b944666189,,1,,1,
0x2B94B2Be14b1ba4139a0bEDaB1712A2aefbD7b96,,,,1,
0x1913388453176668A17B6155d537FB6163B62bc9,,,,1,
0xaFc5Ee155428f8f1053666DC88FD6d12dDdE659E,,1,,1,
0xC0Ebb625eA6aDd91F990472604aA9Ed5774402E2,,,,1,
0x132D7688C80935E013668a1a183F9D133853FFC0,,,,1,
0xE96C84f079984bc117AF1F39ADD53249709923d1,,,,1,
0x26029753b6fe01089Ea9224917A0851c57E8c21C,,,,1,
0x12372b0ee93caFe88D00ec53da94CA73B5FD767e,,,,1,
0xA41A4b84D74E085bd463386d55c3b6dDe6aa2759,,,,1,
0x5e9539bb342d293856D10c2f10756A3f84F21Aa8,,,,1,
0xc2251d3f563199aE477fdf004f71Cd5b37bC1081,,,,1,
0x11e9f4db0D15d543384ec535F43dCaea98902333,,,,1,
0x50e0f561Dd634c2cbfAb98D4a2689103Ae1f6fB3,,,,1,
0xF364f128dB9eD58c8E667cB28392dC72b79f5fF5,,,,1,
0x89AE62443249c2f6aD6e7E85e12aa25B82376Eee,5,5,6,5,6
0x78a126956b45e3DF0948064c4D40C73AA78A0D46,,,,1,
0xaC4599a7C4C020C97A2D9627B22EE447F677cC5f,,,,1,
0xDFBbe5686d054944a4E64CdD588f5777b56d1B63,,,,1,
0xF42AA4324Ee76d54B60A57BCE95ED2A17c5E376a,,,1,1,
0x7363D2E5972eEe58b0F5CD75bB4835eb18Bfed52,,,,1,
0xF76331D57cc9CAFEc3B4b4f64e67CA835871815E,1,,,1,
0x99200841e8e654BEbc06629b093698cD0dC9FEDC,2,2,2,1,1
0x4251a7a40aE2e17EBDf112EE3D484bb7cb4E8200,,,,1,
0xbc18c92A57C27f170694E206328F71ddd30D483e,,,,1,
0x7552FE5C723ab1A125A7FccAA1aD89EF2b6FeE99,,,,1,
0xDe798DE3e15820816374EE386897E28aCF86bE0D,,,,1,
0x59B02E6738D03f1F501Ed74dFb2d9B43FDD9eE4D,,,1,1,1
0x8560831FB94BA42939E9987Fc83E393BD72a4A59,,,,1,
0x3D1E189eD518AA9C83c313d8B17CD6Eb1ec2C4D0,,1,,1,
0x086688D9b681D784d39248F2AaFcE53408D06587,,,,1,
0xfaCE5b9d52AF53ee7d2ac55844101916D1570910,,,,1,
0x99E1376e43DABAA36AFd58d3640024565A11B781,,,,1,
0xe391F3897Cd66BdC3e3bc61DF4435fddC65Cbe19,,,,1,
0xE36dF7A5050C1f319b71313072929802920E5E6C,,,,1,
0x2D3CeF38034277db68fD04e708DdB6856Af4B5ea,,1,,1,
0xE1bBf31a6c7447d80179422F6D0D8B46B2821383,,,1,1,
0xacD67C920DD28c6CCfAdEE237590497Aa3c888bB,,1,1,1,1
0xB4188367021173e8e352E90152566cA3bd939fBa,1,,,1,
0xB981d26bC0372BD6f84BaD20262898d999300D69,,,,1,
0x4e1F78cb3DfC98ca195EAC35402F4CC2B3f7d203,1,,,1,
0xED715c154F168ebF1B3AF2C1B99379EF0B25ACeC,,,,1,
0xb905576A1D9Bff3b7F3A69764913037ea18F01dA,,,,1,
0xFe7362450442D88B5eaEc50d144DE98C7d1A93B4,,,,1,
0x6a7Bea7fBA5d5327da6e52E6374a77B4210B8dC6,,,,1,
0x447610501D0147940F027d004131CF4E9e3193B9,,,,1,
0x99998a0f074cCE037b97FEff4FbE31D46242f46A,1,1,1,1,2
0xF46d4A78de774044595DF72C94A37B16Ef821EE1,,,,1,
0xF2ff3434dD79c07Ed7f0136dF5fa48FcfBf433ba,,,,1,
0x896B9871203D8Ef707A493d83b2b661b28b8Da1D,,,,1,
0xDa839e422537c111e70Cc6D1741C0f25b197b231,,,,1,
0x6b17d279dc4f544F7f3B93346827D5B51fa84b0C,,,,1,1
0x00a3556C1Dd57c24714385B6687403ae9Ba1A876,2,2,2,1,1
0x3cba0f6978B49191d29cECa86A7d90870293F5e4,,1,1,1,
0x966f5aD71eC63d16a55Ed8d161b6583532c82f2B,,,,1,
0xc3f9eEF6028101cfb6884a0c7D6dFDaB0556a53c,,,,1,
0x0dA86E6df8ac0b97473068444c6504Cd41B96e36,1,1,,1,
0xe9822F18F2654e606a8dFF9d75EDd98367E7c0aE,,,1,1,1
0xd3A947C75b3F2116FC1b4d7A9355C666FCb9C8c0,,,,1,
0xa37B39B3226015DdBcB37595Eda3EF83e8c2491e,,,,1,
0xAC5EE6BaD3Cf5b5b64070EeeDa91F65c8BAAE648,,,,1,1
0xf9d30feE141df52c4a727E73aF5211EB34651474,,,1,1,
0xb7eA73D85d160b834A1aA4C8e29A80794e00751B,,,,1,
0x6E82554d7C496baCcc8d0bCB104A50B772d22a1F,,,,1,
0x279d8311094cc91C4BbE06BC7e1A4Fc7b42D73Ef,1,1,1,1,2
0xaa0AeE391B6fdbf9722bcd81FF0C43303F58bcf4,,,,1,
0x5374772bCd432A2469cB1F0618324cbE26ef56f4,,,,1,
0x5A0Bc3d7B86Fb8E19905941E8F0700D70355F311,,,,1,
0x13488B581aD311C30321F2B2Aa8b364D17CB55b8,,,,1,
0xEC1DD85C3d34C77dBFe968D68CbAAF32b657246c,,,,1,
0x02794E25634233279327214752AFF07a3E6a4B5f,,,,1,1
0x455336ef6Dd0234BC9dC1aec8Fc88Ea2b8635034,,,1,1,
0xDB14278a4b6f6a67b087E9E2324f4A807cb80D81,7,7,7,6,6
0x68c0e82B69C0484186A3D7A66fF3CE97e385176F,,,,1,
0x1ef76aA81C6De6f09d2E09d320d5007127AE3a06,,,,1,1
0x73E09C588F61C6476a0623Fc8808CBa794d97006,,,,1,
0xa7089F461BcC601F9A1d9b7c33BF2d9DeF2793C1,,,,1,1
0xA71EBA162546E373aA21A0A4f9C99Fd5056904C4,,,1,1,
0x500B7B2e853dA9F34dCA2a292ca9f22c830Cd2F9,,1,,1,
0xB6B7598Eb3692b866929415bEEacb6246d4F4950,,,,1,
0x4d4937f2e4A79e2d09461F74Fd62C05B630d7618,,,,1,
0x37589224B6e8Ce3750Ec143C21f0BBb911eb35D2,,,,1,
0x290e57eD8906d3D6069730bA5dE199C6348256e3,,1,,1,
0xd31b9C3fa8F87Ff17FCe139cb7508d6E5eE33E2D,1,1,1,1,1
0x5FcaB3347c6352b292d4222037709d4Ca12993BD,,,,1,
0x2c32Adc3dB132Ad52bE33c9198717DAa6F6eB833,,,,1,
0x20100f833270E7E40A4A894B7586a653EC97fD86,,,,1,
0x1d6648a38156bb9a91f69c4B17ac6E5D32B80517,,,,1,
0x54b9ec95bFBb13aC954a181159eE46F5726ad69e,,,,1,
0x440dDbE94E71656Fc11123EC5A13Ea238dcAa259,,,,1,
0x88B55E2333a2512C4834cC517480fc94Cdb7577b,,,,1,1
0x37e62a75feEA34364CdEa50914b88390Faf020fA,,,,1,
0xCEfc8d15410aFBE4a8189703eB2f16E1649B30ea,,,,1,
0x4c6686eD75d0c6685cc26fdAB818cB975B5256e3,,,,1,1
0x3176202d2dDeE94C063e20174bFCC54af821E938,,1,,1,
0xe3EFA534926023a6047666Dd54d4EdFeaaAAc71C,1,1,1,1,2
0xA30eB1520cFA84F31f2021621d5Ae27857D5BBf6,,,,1,1
0x05C166668142feD6AE889ee2328F588De5Da25F4,1,1,1,1,1
0xE19B2614b4B67E020D397a12524c885F11FDE037,1,,,1,
0x1607fcD51664B307c12E6fc2FF56BCed18218c6C,,1,,1,
0xE71D8DED9DeE1187E25a2D0Fca8c8b050559D7D3,,,1,1,
0x5F15e51986a3c0E9e0c0b199812A9DFCEDC1752B,1,1,1,1,1
0x420419d3571aee29074de5ef81b77d545cd560f1,36,36,36,35,36
0x24D8E4a8d59f00C370ca6f9344Ed8Ba47f74D85f,,1,1,,1
0x92c095a206e0E5bef4831b3f36b5f51cfb3A90a0,,,,1,
0xe110a0276a31697FA151624C295a7fA6fc4141Ac,,,,1,
0x08429a6E66D1b07024739249C98Bf8572A3A9a9D,,,,1,1
0x1d699AC8995730764b9e3c9a294a4Fb6c5dba8F5,,,,1,
0x146660D73ac1045E69457DC61130F5245C4aD4B0,1,2,1,1,2
0x7cc62392Cd3026A725d4f8A1A0B4103963157896,,1,,1,
0x2982a70EcBC78A42F2eD57D16D7b421C9139f623,,,1,1,
0xD19440c61a5936368C8213D4846b6aE98D2C346E,,1,,1,
0x7a5E33bf9768301eCBDa4062ca0F758521d6cAb3,1,,,1,
0xC8d31b21a4799b89183DFf0221621F4D76903fB0,,,,1,
0x4C0d5b78Fe1a34cBC7b77fd6C1dff5d66E8053fD,,,,1,
0xeF7655142d0c0502F0Cfe3B4e2b01D924C440028,,,,1,
0xAdFdc054beB2336576A1be1010e32755A9d38346,,,,1,
0x8101FA927620EA7BE6B2a84ba7939e788A867d96,1,1,2,1,2
0xaebe6Ff87768317fd094aCC22D7Efac699E02BcD,,,,1,
0x8D1Fd1f90568203Bfcda6c89107A67fdF3126788,,,1,1,
0x981DE2a0d6AE9DC924F55982ab48A027AA7420cc,,1,,1,
0xe86a1a4DD9F1eE86F99984e6128912d2a5537e15,,1,1,1,
0xaef29B25E1235E52D592a50d1FF05e60792C9552,,,,1,
0x5181091013a54aAc14453e514d0B7BDb70629280,,,,1,1
0xF178e76300fcf76185e14a23b79f5cB36fd5A2AD,,,,1,
0x44368db867A4A0C95D7a3218d22a002256cFbD8A,,,,1,1
0xbff5FCa62293648A9803770B22362F5681fAb110,,,,1,
0x43c15575d39CE42511b724A0493460AF3303a77e,,,1,1,1
0x569133eE480155Af8B3Aee53D7763045bE9Fe8b0,,,,1,
0xBB34A51CB9ad640C26f1064322B134141dF2AfE6,,1,1,1,
0xE909f2a1DBC7F5702Acf914B9abA55A6A26f2790,1,1,1,1,1
0xB2Aadf6BFc0a5213acb9c279394B46F50aEa65a3,,,,1,
0xD32aC78360f785dCc2585e4312ff8d2E45DC03c2,2,3,2,2,2
0xa7A27ef070bcAAA9C29E9c2D97B2d559eC028bb6,,,,1,
0xd1D5631f281CeacB41b925d434a2509Ef91378aF,,1,,1,
0x5b61C203d27D817Da63d1b72158B5c9aC7616D0a,,,,1,
0x222dAFA4605cd8c590AdC889b3cE865C02Efe03d,,1,1,1,1
0xC7C38DE63245df46eD290ABAcF167D58A9bE4110,,,,1,
0x3d70F058e1d0D367e23de7958cF80d39671e0f90,1,1,,1,
0x766a6923A62d062fa6Da59f91d9b669A85bc7B15,,,,1,
0x18ED928719A8951729fBD4dbf617B7968D940c7B,,,,1,
0xcEE379929C39ce5b39A509cFF12447550942C5B4,,,,1,
0xa2a9234dd5Db7be6c31372b51F2B1328cF28b407,1,,,1,
0x9f5E08A1D5cd503B5fb58eD49994f0A770Aa0da5,,,,1,
0xAe873595b03b09fBEdF892D3e75636c4d49D523C,1,1,,1,
0x8b9528f805239b903682E3F3324ef58dAF7787e7,1,1,1,1,2
0xC47e45b6Ce2B477456D0D4FEb6A8C3Ca2FEb1052,1,1,1,1,1
0xAEC54494C63aB9180fa2942230CBA25cAc7D1BED,,,,1,
0x0Cc4437f8cb7fAA4dfD1b74A80231DA61BFF802B,,,,1,
0x33E03887dF35ea986aBe5691032946c10FCb99F9,,,,1,
0x994B76C1dA2D53fb65Edcb3e1Cc80A4733a279bF,,,,1,
0xf1E602f7De9D5373681d9fA96A187022Da6A3627,,,,1,
0x5B19C7Ec378dF0a7D91D509e2BE0681DA29d9A83,,,,1,
0x3f861Cf967fD10D8C2329ce506911b72a2BBbEFD,,,,1,
0x59F2Ba30A79982728aA76608BD05Ad0c01Bcb70a,,,,1,1
0x4e842b12E909C861e499bf0CDB9f8892C4ea9F41,,,,1,
0x349C2164d1600ce023B2C0BD83f59a98D6d6aBcb,,,1,1,
0x3d269816ACEBC7B25F5E7b8B9E6AF3f80FeaCC0c,,,,1,
0x67c3097a968dB89610825976EC9a5976a966C044,,,,1,
0xCB79C7fc40c303ABDAe5Dc496035c194eB0a009e,,,1,1,
0x36019a1A3F7C6218408b3d2D0e7db57Dc272a481,,1,,1,
0x0837a2f90079eAFA4C9185AEa59CD9A47245B195,1,,,1,
0x2a9BEeE7f30Aea155a638B06aF6554481fD418Dc,,,,1,
0xd04faDA2CcD36CC1F7F4C91BcfA370c09Fa2F636,,,,1,
0x8e97eaa8EE529d9bc3A74449848B18b909e7F8ee,1,,,1,
0x120A634d360C163F4Fb9c78793FDc6d971a41012,,,,1,
0xe38E5222d5715D77aCA0ba93B7af3c9a909FFECF,1,,,1,
0x1aB7ad4d4A9664A91C3A372F01866dB4048AF5Bd,1,1,,1,
0xc95240F030C0d914882af2fA29e024d81b22841F,1,,,1,
0x4cA51F26c5B17351E939FD9c6fAdc60BBd6b7594,,,,1,
0x5208d4824487566f974AC295dC806854e424D4f8,,,,1,
0x39B1A836CefBB6B67654Ce9eb15087b7BbE1c536,,,,1,
0x84d7A3e751cCf47AC009f23B51305C498436908B,,,,1,
0x87a00d66f72852c3af0A8C2A02893f38387bE429,,,,1,
0xcfb8D8ebd1c4dd1D8baaa8C0E1a95E6864B05B4f,,,,1,
0xbb4FB23B6173967C9Ab1b4d3b79CDe03DcdA379b,,,,1,
0x9dAba668D623eE702c483a650dBF9Cef50298D75,,,,1,
0x73eFDa13bC0d0717b4f2f36418279FD4E2Cd0Af9,1,,,1,
0x3767fc2460926124303E19C890F6f38840390633,,,,1,
0xbBE2a265863b6Eeddc891DeACf947AC555C36985,11,10,10,10,10
0x7a02Fea2F5C18bDA1D671afA6d4e77355E632B6b,,,,1,
0x27a122BcF134F819B130d03B2aD2D1ed1105d8fD,,,,1,
0x46EF2B2C7Fa09329E909D4F85D1Fe90C8873F8Cd,,,,1,
0xf84cF6F93205367f0AF2AfA096D6Da37246D1f22,,1,,1,
0xFac5B78Ef895Ab7010C17DF3a73c492DA45F7ca7,7,7,7,6,7
0x54A5A62D34d3C55Cb35Bb8B4d4C958c820c5f322,,,,1,
0x9b697b7C3DA6B56689304e210E53be0db1164dD8,,,,1,
0xe6C6ceA9Be18b61470C8BD2F55D7B40f2C89c7d8,,,,1,
0x18EB8D6B70e86EC8dA4cF8027dDaeEE146A62bc8,1,1,,,
0xbfBC0946dbFbCfee9e0F78eCa9D2d005a3a8DA80,1,1,1,1,
0xEB70C4996fe587aa8a94a6498a6593141562DAE1,,,,1,
0x0A2faC010bE2e44AFF96B6b58e5a35507122786b,,,,1,
0x9CfF1cC1a71Ca278589dF76d47Dd06cea557DD5a,1,,,1,
0xcEF4f011dE8dC67C1e75097EE91425Bbe960c2eB,,,,1,
0x3A71C160022e290065a4252ec826F25a86885a55,,,,1,
0x85a45BdDAD6658D7A742e28628Bb3fb06ADBF4f0,,,,1,
0x8F903cFC0Af3C2EC0d872c57538AF5e071544a57,2,1,1,1,1
0x117D6144aCBfB220bCd97e7d5a0E559DAad23E38,,,,1,
0xfAE34332C8Ee0354b0A62B4747f2D3586F6D31Db,,,,1,
0xa9f7675C9732D8F18182841431A72EE3F1a3D26d,,,,1,
0xe67B18B27db897Ff71994A6Ad3890626620e580A,2,2,2,2,2
0x6e6003c510A42DE03aF6C79a88ec6826E8F653F2,,,,1,
0x0D78f3Fc2B19aedA12D21713BbA7E8B3F8A53Ff5,,,,1,
0x08C6aE8eC0E62E7fA30ec2EbCBB802a652c0d866,,,,1,
0xb668954eB8BDA1A3b81831dEec3da1A29c7FDb7B,,,,1,1
0x8D97312924e022da4371835fdF5d9F5cB9d73519,,,,1,
0xEb53b4bA6b29ffd6bEC76DdeFf80b36659347066,,,,1,
0x9bAc1E17c6D30eB8d75472cE1136AEde39dbc1C3,,,1,1,1
0x323c64bbda14Fe2d5d537F2059De69C2CeF724dF,,,,1,
0xd362F069c774Eeff3Edd3D409fFC76871827ba83,3,3,2,2,2
0xedda234360729872F5a282aBfAb670b69DeaAEBD,,1,,1,
0x28FC104755Cee05cB1B62C8385d105D692B5563E,,,,1,
0x1B6596AE1CB555b4B3881EAf47e36Ac3573bC944,,,,1,
0x10244e78179C6b9F9d63CC4e01C15138902982Fb,,1,,1,
0xAd4DB273F3839B1e4e53F3aB0aD21b05c4d6a12D,,,,1,
0x042e8D75b1E6c679e883435F4D5f9CE43a976850,,,,1,
0xe01B54179eBdEDa6A3E4E2f19048dBf90a86C575,1,1,,1,
0xaA10c5fc5068D10d79517f76Ff92175790CE2c34,1,,,1,
0x4406bCC68c8e1457FCdB58d521D5A635589a3246,,,,1,
0x9dD2b9983E3f9cFDC302478D8554460071d8C1ea,,,,1,
0xfF0fF5103498Fc969A3B7b9dB958A2072DeFFD80,,,,1,
0x47ef8EDf0330Cf20bb1B386520df38cB5Ff99B13,1,,,1,
0x015673b5025288a71c10b9FC62f519b02232C0bD,,,,1,
0xD8086758DAabc3E734EF5971eb7e2AD8f32A2f81,1,1,,1,
0x80F22ABd952D99D1aB4658b0628f575bA6b8EDAf,1,,,1,
0x4687C3FA87aBCA84A85dDa345cFe21e35df01d40,,,,1,
0x3BD5BE9EeBB50c7dE1D58Aad9Da7E7eBee77aC6b,,,,1,
0x9a0Dd294DF89079e85a384939eb7B67fEd16Fb42,,,,1,
0xc5b59c64Bf2BC75eBD63115a6c64F5539bFc1adD,1,1,,1,
0xeeF7A869660F22Ad0206eEC262b895B7738042BB,1,,,1,
0xCA6E2533348766b743e329C19c21aDd3b645bEf0,,,,1,
0x13BAe025C86435994FE39a2f5EE2F77043CF3c4B,,,,1,
0x2019FF720172a48F4cDFD27627e920b18A07F888,,,,1,
0x3E8C69057a12525633a318406d1e5Fa5757C2cFE,1,,,1,
0x4eeC0aD165B89cCf92B0a9e10Cce6CF44E4052C8,1,,,1,
0xaad2FEA57A22262fFeC3BC917E11D8E493D37CF0,1,1,1,1,1
0x769c4B401c48E199B88B9C88DFf563cEFd92825c,,,,1,
0x6d2D42dF75D798c6da985078c1D2664890909caA,,,,1,
0xF385b9EB52b8868Df2AA72BeF896b26a72FE8B38,,,,1,
0x430f3b4D073111E170ebf06644208a57e048d2bc,,,1,1,
0x164054859641A56bf767713F983777ab1278cAc4,,,,1,
0xF512615ef652D714BDfa78999BdeC9084a672256,,,,1,
0x4C54a192810D990287BE53216ed4cE7BFdfCf04E,1,,,1,
0xa3ea9b33Ce9f0F3789F24A6D7Ae131c66D1c1656,4,4,4,4,4
0xbd4892bB6621689da89eCf728E7e1FDf5b6d149a,,,1,1,1
0x6fD182F06c39714EB364d1c487A690dD960ff551,,1,,,
0x5aAA2D6Bf46266F0f7f6F79AB7ef879357e2e598,,1,,,
0x67E7adB6d6a780e9b15C20c1788549A83Dcf67c6,,,,1,
0x7d9AdfC80E399C0268D1A38B28454a2e1745dFEF,,,,1,
0x05217598e8D451e63F16A4b9747Ab8FE541686Fb,,,,1,
0x75B772F2Bb4F47FBb31B14d6e034B81CB0a03730,,1,,,1
0xCFc9E5258A8773cEa0440077779a17096A045BF2,1,1,1,,1
0xAF1CC56A81AE3Db157b73Db4dBCd20907DB5793f,,,,,1
0x391C2df3c1d92348f7077A48a3dd3BC1bc9B9c1F,,,,,1
0xc8d1b623517B2B67fb3F8Ff8A5B0466F772093d0,,,,,1
0x671CcccfE94d8b056390c51bd578A27C95858Dbc,,,,,1
0x931C9818A8d84fA031bb6F65A244280C45121085,,1,,,1
0x0a3b151beeb0ACb8a16CDaD2E186bc6685b821B0,,,,,1
0x0B40d73655CE034be80d4D0c81b01F16860F16B2,1,1,,,1
0x106ea24083610aae7e70841349A78c392FdDEEf3,,1,,,1
0x5D040D2a8f558d5517d0EEA2bf82AbBAb52cA6Dd,,,,,1
0x46a53c9f82EEa4AC1a5fD765118e19a9bd105D6b,,,,,1
0x07Ec2140b69fb661e09905eFB8729050e6D15C2D,,,,,1
0x34860D4bBaa9C07Cb89557ceB25098122ae18f9b,1,,,,1
0x48875e7F7Fa8519Ba16f72ceb4DaaF59a70a7fAd,,,,,1
0xbb83b599Bc0dcd55F823e03B35d31EfF8FfF1D5b,,,,,1
0x393f7932CCE3D0881e1f73b2b35599A3a3acab15,1,,,,1
0x563153823D702516F92fc24edD9358D6973f60F9,,1,,,
0x1a34aea3E7f45DD1238f20Aa075Bc4Fcc6615a80,,1,,,
0x660dB3ab746c3D47Ada740D25b88DAeeE68d2265,4,4,4,4,4
0x3725117B4293fba2c6901e3063c38e4295dea326,2,1,1,1,1
0xa953eeDFe93b1A0120Ac65523a1EE783C7f9b75b,1,,,1,
0xFE705eaD02E849E78278C50de3d939bE23448F1a,1,,,,
0xBaD0511DB247729305b90f4A242d8b25B8cA33ec,1,,,,
0xAbc096ef05dA1f4901E973cb0620AadB57eCd181,1,,,,
0x7e160377E4999e68d148e1f70834485D2758A30F,1,,,,
0xBA05354d7ed636efd5f4685153edf6df6705E3c6,1,,,,
0xf2d2375DE7a07079B25d3f209746aF3CB112978D,1,,,,
0xf9dEc1DD09e4a539E44fDc8063664Db6004d8E68,1,,,,
0x800fEAd3D8e2670A45B17476509CbBEC74B3322f,1,1,1,1,1
0x9cf0Cef498930C0Ef02c7AC95C4EC361c2957834,1,,,,
0x0d81C069F1869655A335eB0fd59f24B09AE6023E,1,,,,
0x678e0ccaaF4b1F33904C9E6A0E31b91A7c3dB862,1,,,,
0x8b037ca3c8ba0066E56F66d25037bD67464b47a8,1,,,,
0x045e7CE65c0c65A32c01d59567cDC1f923f7C5fE,1,,,,1
0xf2EfF8B6Ab99b0F3ef3642de7ac48a9726076b98,1,,,,
0xf43C9c9fc5829A397Fe2D3908213388F7f6be9Ff,1,,,,
0xaA9D78025b512Fe24D7AAd2B3eF7F8F4ff3B78fb,1,,,,
0x3B073ad23a1b8C962892d739FC59Ae9128742448,1,1,1,1,
0x28569d7a6388976f23E6239Bc6e27780516B4F9a,1,,,,1
0x14B3C9Fc6aE3A26B31692e2ff2597320ec51F47F,1,,,,1
0xfcc82400c73bb86e583AD0d13979aBe48C21be29,1,,,,
0x185479AefC3461d2Ea65a8bA8648E09517740789,1,,,,
0x0D5d159A0adA0A0d5785A816d1249B3b6b9491f0,1,,,,
0x32f347D2e73fa330CA12911132BCfbab084fF769,1,,,,
0x72b40Caa258c237c6F5947E291650808B913e9fC,1,,,,
0xeCcee47Df752DD6E9754fa3A745FECb84700BC35,1,,,,
0x421c62ce9814B54402108e73C28e6ad76080027b,1,1,1,1,1
0x4BeF974872D94a96D51692dC201152C87ed07551,1,,,,
0x8ef7E5B9755B998c323A445BEB5465067c615785,1,,,,
0xb7e9A12c688963fE142C6FDe173d0Df02514A802,1,,,,
0x1D02909Ce8115570135DA8391b21df493Ecbaa19,1,,,,
0xD93d50308f5B43d6310Af0F888a796328164C81b,1,1,,,
0x80e11b2Db75c9fE7F02721D279A38E78862a8d33,1,,,,
0x19B7E295B6aaa38619C48c03Df830Df20A0FC9Ce,1,,,,
0xa92ED83b6D4Fd3BF83e95000d569Df1d3d787B19,1,,,,
0xB955a3703aAD5953Bdf68224231A5a312122098A,1,,,,
0xE9FE2358E0c6b70EDb2944ec6ed5c82e8F6bAAf6,1,1,,,
0xC829e4818D5eB0bf8B5B2C2B8A18F4925dcB362c,1,1,,,1
0xb7aA056BFe74C18dFC00848E64bB43591ADc2e14,2,1,1,1,1
0x1e9c188b7A6A1b6462EA1D14696540B7044C4621,1,,,,
0x65eEE9c234522452139d84d3b5E80f3D97600027,1,,,,
0x29F7a6Ae44D963463d06378D48a14A28AF132030,3,2,2,2,3
0xd9b3f5eA4D5D35570CC584Af027B12a21c3f8F5b,1,,1,,1
0xCF66ab57087f7A9194305251336A8be5deF7C529,3,3,2,2,2
0xe1b7B1ed02EE1D42fe07eA854b7CcA6F485A9A83,1,1,1,1,1
0xE9b5d3cF42B91BEe37A253FBFa56c35ab2CF125F,1,,,,
0x2C9116CAc12535A5F121B65238465c891BAD99c3,1,,,,
0xE6414D2e91Db67727C6828456608D4A61DDDdDD5,1,,,,
0x148e7c3fc39a385887a7C2E81cc67beb9e1347f1,1,,,,
0x029a870Ac6e8551d1a09209c4B28E773B3EcD432,1,,,,
0xf9C9F3F3243E8112597EbDDA0b446045acdd9841,1,,,,1
0x6cCF7Be367aFF13550F2064fc46d4A15e4569545,1,,,,
0x8bDcCaC52Eb55d6e19Fa3f67AA64b3c62Da81376,1,,,,
0x1D8c7bF2118cb6a88b13Dc0aa1d8f64f9DffB598,1,,,,
0x9ef69E4E1D95999E823A1283BAC4963bF2000D0F,1,,,,
0xb9B05fE6585eD123910CD3CfA11Bbb90941F5F42,1,,,,
0xF03Af1891534C133D7847241A60840fAdcFA442d,1,1,,,
0xc093C416Bed89dE1d7af17117128584B57C26226,1,,,,
0x62b5971c2Ae52f9cC6064ED659c2546571D85389,1,1,1,1,1
0x8B77F3D65A53eF7F5cef97A1EFe424B1367EBec3,1,,,,
0x748487ba162B5C2eb62BF0dd40860D2D738d81Ab,1,,,,
0xccDc227b86FA90d215C3B4E3205C3c5632eeB2Ea,1,,,,
0x0f33Cd43FffB2280c34368515023EdECb54cFF95,1,,,,
0xC5F63a417Da795159655E5D68Cfa2d5235236c83,1,1,1,,
0x901000863d915EEa6dd1144A418ae19b74bFdb13,1,1,,,
0xd032043e852cd0E6459fB56425089f9fC3E19E64,1,,,,
0x4Ffb5831f5A523522f38221A4C208887497D0a68,1,,,,
0x5bC124b3F28C301F497D3d44eB5c3225651143cb,1,1,1,,
0x250717120dC7cAC9410Ef53316bBac93723ac3e8,1,,,,1
0xa485B739e99334f4B92B04da2122e2923a054688,1,,,,
0x3Ea3051D1b86Ef6DDf12f2f12DCab0229a8BeF5E,1,,,,1
0x941Cd414B5556300eF5f192DF6334e377C9311Ff,1,,,,
0x2e96B378B509ba8b6Ac3c61415c7c014C442995E,1,,,,
0xB364600e673E63FCbA4Ed1012F55DEb31eFa14ac,1,1,1,1,1
0xd6793AF32D1AF1674678DB4fBb32b61D2cFaa896,1,1,,,1
0xA2A481cD1BaA0cAe0009Ea4660533f490030c989,1,,1,,
0x472FeA0749ba536aF63300fC7644A6129C958830,1,,,,
0x81c430761b9A65b2635ef230Da7d4F8ceB604A80,1,,,,
0x6f50c9DB79a017544E2d45bc2ec54A8A96B656a6,,,,,1
0x1766255E71A11f9f9D13aBE3f2840E3f6942Aa29,,,,,1
0x45f6E731798684B1Cf9D980777c9d636E1064ffc,,,,,1
0xE6c68735e8de202899b1096f3040A665435fE5CC,1,,,1,
0x216A75748E570C87d16c9A746aB7815354a4Fa49,,,,,1
0xcbBAbB3492d821C1F88dfb5e4Df4ef689503fD58,,,,,1
0xe7a5933516c81C003A52F42405644D3E3088EBDA,,,,,1
0xAAb409a4cEBbFE41FEc3F823BDa71a94F042ecad,,,,,1
0xb99f8A602DAf3057355eF2e468d1995D727EB354,,,,,1
0xb644358c6b1E06f1F0301Fb0e0f6d2bA7197C842,,,,,1
0x13d4423dE8cEe8ee5E71c691d4239F94d2C962F8,,,,,1
0xb9778A3B3f3B74A1C4F275f8dd77987cF51a3772,,,,,1
0x806a6A43F70762553d4f3AA3E07B90c396142bB8,,,,,1
0x7270088c2ee2e40a52A990458B34361bEfdBC902,,,,,1
0xa8F4bb9aeC68c2886434f93DBa20BB3e7946F03F,1,,,,1
0x0c564d848328fD082D7C6A48bf0C0a7AD0c2D8A8,,,,,1
0xA8865Fb82d6B8457add5e6c8822087E2EB2f130a,,,,,1
0x0B1E9f2281df303490A9aFA13665580218aEC0F9,,,,,1
0x68013BA737e37A95cc9f61dB2f0b887AAbcbC22C,4,4,4,4,4
0xe9BBcEA9c74C33bc86aaBdF8dF18aFff38af5ae9,2,2,2,1,1
0x66c17Dcef1B364014573Ae0F869ad1c05fe01c89,,,,,1
0x6721dfeAb9CFF6810c8aDA59088264efac176BF2,1,,,,1
0xed289b77B72F68Ee84E2eB7c5e512219D5b14310,,,,,1
0x160b4b8a86e93e7208eb73F7AC62e3397A02d6Eb,2,1,1,1,1
0x7c7d093b4Fb96C89fcC29cD4c24c15DB0ed669dF,1,,,,1
0xE719d372d930A78d1faF380297cFa97b5854781b,2,2,2,1,1
0x85fA37642FB442a7bA2e41Eb62e11a110336FbD7,1,,,,1
0x6d3CcE709258BbB7930b7138d3C83Bf1ed531E0C,,,,,1
0x6078EaA05C9A253A22c4B0d24E895617616eA9D8,,,,,1
0xC56eF7A0352221B4820cd2B9921CB3EA2E255D6b,,,,,1
0x8f4Df3f8aEfde6a431A86764E608dE447A8f9416,1,,,,1
0x4e4a0153DdF14Fd54Ec7aE9695016655eaD90821,,,,,1
0x33fe104CBd27097d2318F44B420EB8a095734282,1,1,,,1
0x132594152A9388D58f23ac2b84258c3C60849195,,,,,1
0xEAe840397271D7220506a33A0557755B765fCF63,,,,,1
0xeb83ff2c302CE77733c8f6ECe0f27f3861e55C27,,,,,1
0xE6405f7f9d8F5F3ab7B2b631e2046786B2A43852,,,,,1
0x042b4e01f6Ed950d0091d564Bb2d03792A274212,,,,,1
0x98749212EaC32D408EaDf1397C664e1336122d44,,,,,1
0x574285E5c3864a120d3486240D0A3276Cc170c9B,,,,,1
0xEF0A197614062aCFe27f1e8538209879943EE54b,,,,,1
0x4F3CAf625592bfaEd2bf8c22deF97c8a7125bD44,2,2,2,1,1
0xA0e9CB07d36953f3a2065BCDEF7Fb1a6F43D8852,1,,,,1
0x8597fF621ccD65532B4D138e9bB2d658f5313D57,,,,,1
0x0AAeb98d80EC5ad52CAB84f5E4BA2beB400691F9,1,,,,1
0x886478D3cf9581B624CB35b5446693Fc8A58B787,,,,,1
0xA5f09C6f40Aa9b8f7AD70d64c42e20df1aD1F0F4,,,,,1
0xbd225D99169472e05135Ea0bB11c0aee8236514b,,,,,1
0x563dd5a22604933eCcb43116EA13E7C0a269C486,,,,,1
0x42777f2F55Cad1e83a0511CdE2e203f0a4121529,,,,,1
0x2491854669ff183F0AAE47C303Ab8Bb07ef1F66C,1,1,,,1
0x86e89df3F629F733848019D3E356317159b9e9c8,,,,,1
0xA65300EbC26AFbCd9B0162B8d55D8767b470Efd1,,,,,1
0x16CF9d266cC36318c022A921A4e3f0e5bC0BE943,,,,,1
0x163Dff00352B3d3757773844309609a60B0Da7ba,1,,,,1
0x59aBE1074eAc546dF6d8d8BD51B42671b9016c55,,,,,1
0x668F15A057aab95D852C29DE3b40366Cde71Ba01,1,,,,1
0x19c95A1454e0F6aDC492F06C5Eed86c9C9e08738,2,2,2,1,1
0xE0FCc8ccbd500a843C339944CF4Ba60896A45dda,,,,,1
0xCe28b3E38C6d633436eDee285c1E13771A865B2D,,,,,1
0x9AE94794F5EBb215442a4B185317fD123a45603e,,,,,1
0x0109dC80d9d1770d9CFf4888bC31A434966668e1,,,,,1
0x1b9e47e499b779d2BCb6d627f9F8e2947DB4D3ec,,,,,1
0x9Db74ef3dD3A4a202a4A05D9E02c718ecfda1c86,,,,,1
0x095a82c2adf5d069dDc5aF947620572861e51CBA,1,,,,1
0xe6f57d5D4686dCbdb5EbC5CC5fD15CF2ea956Fb8,,,,,1
0x979a6C71E8865a9345De203979507884350d727a,,,,,1
0xa49fAc104AA54243d9814087227F5b254cfA6959,,,,,1
0xb79870EcE813a3f88Dab408a49c3175635D921f9,,1,,,1
0x5991d6794194aBA766511EC10fa91ADAFfC8b948,,,,,1
0xA654Fac00611B0fbEc16424095197E181ca27210,,,,,1
0xbC2e737A026770Fb5e4BFaef9fBC045E4dAD7720,,1,,,1
0xcBa1E41149750a779D0608bacAc619056bF59420,,,,,1
0x2E8abD41d364960Bdb9471076d392a9E6E92636e,,,,,1
0x89a9c378D1dab53f7c4B2e58F2F1C5cFb95CF347,,,,,1
0xD15955295C049FAc06C9A68288fF428769712245,,,,,1
0xdEe2E7977Fa77c2bB1d656D58c64bD5febB59ce3,,1,,,1
0xEec6dBBCC663D06bd06a88C06C83eaAb41aAe8a0,,1,,,1
0x4c8db2186682AfD475B4beee1Bdc2F6d9eBB364f,,1,,,1
0x997b96B0d75e19197825665e85E88473A63A83f4,,,,,1
0xBC695cB14784187B063823490b01e4472Dd053cE,,,,,1
0xCD1170188C029784a7fc699807f29536Aadc367c,,,,,1
0xa1117259A5D8e5417a5acA943F7682620194fbAF,,,,,1
0x5275cA82Ad3C6DA93fddc80FAAD8D2711014e775,1,1,1,1,1
0x103b3508CCBc721588c25e05D8aCDc1fC0a73ADA,,,,,1
0xB74C96a99F4F5Dd2149263Ab062A0B259DaeF72e,,,,,1
0x1F723A433984cd443E2D07dd2DA157E24065bfc4,1,1,1,,1
0x8BF840938E4183A18C0D2F138Ddbe76d5DaFA362,,,,,1
0x3648B018998e3073F5D9e05446F4B432f56259a3,,,,,1
0xB81A8cc8dBE570B28eb9a0879589015b1a8CCa43,,,,,1
0x0f220fD3e0bd854872a33cF3f0851b0Bd9816471,,,,,1
0x05357fD1830364d22f0f6A83664999A769a69B75,,,,,1
0xb356D1ab8f86305211574AFdAB6a0F79954Ada71,1,1,1,,1
0x68FB0a1CA3070ba87a09e6C130aB92D0aC48F3A3,,,,,1
0xD77844791F3D81Db1F903C02Ebe92F1B84d610fF,1,,,,1
0x03667fa871BA6aE6B3966c037ce55ba0e1af4E6f,1,1,,,1
0x8A676FeA8cde58b1EB98226987A87cEBC9b2D7d1,,,,,1
0x874CE968c000A490726e1c2F21E5B0A3b8a09683,,,,,1
0x78d5D78d14b0A36Fc4526C5e99e72cE7c2e8cEF3,1,1,,,1
0xe775de7c8D1492ADE97622f2060D53d1E1c5B652,,,,,1
0x3b1655031e20BaA7A1813c37153b1C94B9FbCEc6,,,,,1
0x6543816fc815217E47D4166E9C8ad28a4b1da219,,,,,1
0xbdc05d2b6faadcff1b54a7e09f1599a2d963f579,4,3,3,3,3
0xDd053c7529651FAa5e4e39B2F4B7abefc7620662,,,,,1
0xE3Bf71163f9faBce2651A36447fe7318437D919e,1,1,,1,
0xD44F9dB7C700aecC2b735ED2b2EB9463F8a494e4,,,,,1
0x5Fd7eb9B43535bDd4345Ae7A7d6Df9AF7451a6f3,,,,,1
0x6262a35bBe62B7c380cF6a65AEB8c5f901142B47,,,,,1
0x0Ce5ED71e7B10A7BEd98a37Ef6A4d53A670145BF,1,1,1,1,1
0x7385487FE29e074cfc5E9997D807B6d808B754E2,,1,,,1
0x09a4a36c8825b3e8ed1cDb420F65c5214e6ECE5c,,1,,,1
0xA72E028995d79cd3E9fbeb9D8FE9589b9090b41B,,,,,1
0x4D0b2c9c6164a2cfa6609BfB4AACb31B228f8b5c,,1,,,
0x19C99c068B4b3292c819429DA4550a2E36f9f943,,,,,1
